"Label (Grouping)","Atherton town; California!!Count","Atherton town; California!!Percent","Belmont city; California!!Count","Belmont city; California!!Percent","Brisbane city; California!!Count","Brisbane city; California!!Percent","Burlingame city; California!!Count","Burlingame city; California!!Percent","Colma town; California!!Count","Colma town; California!!Percent","Daly City city; California!!Count","Daly City city; California!!Percent","East Palo Alto city; California!!Count","East Palo Alto city; California!!Percent","Foster City city; California!!Count","Foster City city; California!!Percent","Half Moon Bay city; California!!Count","Half Moon Bay city; California!!Percent","Hillsborough town; California!!Count","Hillsborough town; California!!Percent","Menlo Park city; California!!Count","Menlo Park city; California!!Percent","Millbrae city; California!!Count","Millbrae city; California!!Percent","Pacifica city; California!!Count","Pacifica city; California!!Percent","Portola Valley town; California!!Count","Portola Valley town; California!!Percent","Redwood City city; California!!Count","Redwood City city; California!!Percent","San Bruno city; California!!Count","San Bruno city; California!!Percent","San Carlos city; California!!Count","San Carlos city; California!!Percent","San Mateo city; California!!Count","San Mateo city; California!!Percent","South San Francisco city; California!!Count","South San Francisco city; California!!Percent"
"SEX AND AGE","","","","","","","","","","","","","","","","","","","","","","","","","","","","","","","","","","","","","",""
"    Total population","7,188","100.0%","28,335","100.0%","4,851","100.0%","31,386","100.0%","1,507","100.0%","104,901","100.0%","30,034","100.0%","33,805","100.0%","11,795","100.0%","11,387","100.0%","33,780","100.0%","23,216","100.0%","38,640","100.0%","4,456","100.0%","84,292","100.0%","43,908","100.0%","30,722","100.0%","105,661","100.0%","66,105","100.0%"
"        Under 5 years","192","2.7%","1,504","5.3%","270","5.6%","1,666","5.3%","76","5.0%","4,821","4.6%","1,826","6.1%","1,915","5.7%","534","4.5%","394","3.5%","1,889","5.6%","1,113","4.8%","1,965","5.1%","141","3.2%","4,780","5.7%","2,195","5.0%","1,766","5.7%","6,217","5.9%","3,398","5.1%"
"        5 to 9 years","312","4.3%","1,797","6.3%","269","5.5%","2,133","6.8%","80","5.3%","4,779","4.6%","2,108","7.0%","2,223","6.6%","594","5.0%","762","6.7%","2,239","6.6%","1,230","5.3%","2,046","5.3%","226","5.1%","4,709","5.6%","2,239","5.1%","2,072","6.7%","5,591","5.3%","3,431","5.2%"
"        10 to 14 years","493","6.9%","1,801","6.4%","241","5.0%","2,125","6.8%","85","5.6%","5,099","4.9%","2,345","7.8%","1,948","5.8%","655","5.6%","992","8.7%","2,396","7.1%","1,367","5.9%","2,103","5.4%","277","6.2%","4,797","5.7%","2,259","5.1%","2,133","6.9%","5,611","5.3%","3,495","5.3%"
"        15 to 19 years","804","11.2%","1,651","5.8%","199","4.1%","1,717","5.5%","87","5.8%","5,561","5.3%","2,309","7.7%","1,739","5.1%","662","5.6%","935","8.2%","1,934","5.7%","1,313","5.7%","1,986","5.1%","304","6.8%","4,599","5.5%","2,232","5.1%","1,781","5.8%","5,482","5.2%","3,384","5.1%"
"        20 to 24 years","620","8.6%","1,307","4.6%","194","4.0%","1,135","3.6%","90","6.0%","7,261","6.9%","2,522","8.4%","1,237","3.7%","556","4.7%","552","4.8%","1,751","5.2%","1,128","4.9%","1,823","4.7%","192","4.3%","4,888","5.8%","2,415","5.5%","1,156","3.8%","5,458","5.2%","3,830","5.8%"
"        25 to 29 years","254","3.5%","1,755","6.2%","236","4.9%","1,803","5.7%","107","7.1%","8,929","8.5%","2,812","9.4%","2,179","6.4%","501","4.2%","373","3.3%","2,431","7.2%","1,375","5.9%","2,194","5.7%","105","2.4%","7,002","8.3%","3,580","8.2%","1,267","4.1%","8,491","8.0%","4,932","7.5%"
"        30 to 34 years","201","2.8%","2,052","7.2%","372","7.7%","2,410","7.7%","110","7.3%","8,607","8.2%","2,613","8.7%","2,973","8.8%","596","5.1%","284","2.5%","2,649","7.8%","1,558","6.7%","2,772","7.2%","103","2.3%","8,118","9.6%","3,810","8.7%","1,717","5.6%","9,841","9.3%","5,283","8.0%"
"        35 to 39 years","205","2.9%","2,155","7.6%","432","8.9%","2,421","7.7%","80","5.3%","7,564","7.2%","2,350","7.8%","2,973","8.8%","719","6.1%","372","3.3%","2,504","7.4%","1,536","6.6%","2,926","7.6%","144","3.2%","7,204","8.5%","3,500","8.0%","2,356","7.7%","8,975","8.5%","5,093","7.7%"
"        40 to 44 years","259","3.6%","2,252","7.9%","382","7.9%","2,585","8.2%","81","5.4%","6,996","6.7%","2,138","7.1%","2,681","7.9%","694","5.9%","595","5.2%","2,315","6.9%","1,512","6.5%","2,747","7.1%","181","4.1%","6,066","7.2%","3,124","7.1%","2,453","8.0%","7,573","7.2%","4,673","7.1%"
"        45 to 49 years","404","5.6%","2,147","7.6%","361","7.4%","2,463","7.8%","79","5.2%","6,539","6.2%","1,910","6.4%","2,446","7.2%","761","6.5%","856","7.5%","2,389","7.1%","1,624","7.0%","2,580","6.7%","250","5.6%","5,828","6.9%","2,777","6.3%","2,384","7.8%","6,943","6.6%","4,123","6.2%"
"        50 to 54 years","554","7.7%","1,966","6.9%","380","7.8%","2,179","6.9%","107","7.1%","6,644","6.3%","1,712","5.7%","2,052","6.1%","818","6.9%","937","8.2%","2,190","6.5%","1,553","6.7%","2,786","7.2%","340","7.6%","5,619","6.7%","2,835","6.5%","2,483","8.1%","6,700","6.3%","4,266","6.5%"
"        55 to 59 years","539","7.5%","1,811","6.4%","363","7.5%","2,011","6.4%","118","7.8%","7,096","6.8%","1,557","5.2%","1,906","5.6%","904","7.7%","949","8.3%","2,074","6.1%","1,725","7.4%","2,821","7.3%","386","8.7%","5,328","6.3%","3,099","7.1%","2,170","7.1%","6,589","6.2%","4,430","6.7%"
"        60 to 64 years","504","7.0%","1,566","5.5%","361","7.4%","1,659","5.3%","126","8.4%","6,909","6.6%","1,293","4.3%","1,669","4.9%","977","8.3%","758","6.7%","1,793","5.3%","1,542","6.6%","2,813","7.3%","361","8.1%","4,387","5.2%","2,813","6.4%","1,880","6.1%","5,766","5.5%","4,467","6.8%"
"        65 to 69 years","465","6.5%","1,282","4.5%","299","6.2%","1,549","4.9%","90","6.0%","5,798","5.5%","909","3.0%","1,556","4.6%","853","7.2%","729","6.4%","1,479","4.4%","1,276","5.5%","2,514","6.5%","320","7.2%","3,583","4.3%","2,355","5.4%","1,542","5.0%","4,850","4.6%","3,666","5.5%"
"        70 to 74 years","453","6.3%","1,121","4.0%","227","4.7%","1,189","3.8%","74","4.9%","4,856","4.6%","663","2.2%","1,572","4.7%","815","6.9%","644","5.7%","1,325","3.9%","1,102","4.7%","1,970","5.1%","281","6.3%","2,769","3.3%","1,820","4.1%","1,333","4.3%","3,978","3.8%","2,909","4.4%"
"        75 to 79 years","370","5.1%","843","3.0%","122","2.5%","856","2.7%","39","2.6%","2,871","2.7%","408","1.4%","1,178","3.5%","597","5.1%","525","4.6%","945","2.8%","752","3.2%","1,136","2.9%","271","6.1%","1,950","2.3%","1,167","2.7%","883","2.9%","2,974","2.8%","1,856","2.8%"
"        80 to 84 years","233","3.2%","608","2.1%","73","1.5%","706","2.2%","37","2.5%","2,234","2.1%","280","0.9%","818","2.4%","307","2.6%","356","3.1%","708","2.1%","620","2.7%","775","2.0%","224","5.0%","1,244","1.5%","824","1.9%","650","2.1%","1,988","1.9%","1,347","2.0%"
"        85 years and over","326","4.5%","717","2.5%","70","1.4%","779","2.5%","41","2.7%","2,337","2.2%","279","0.9%","740","2.2%","252","2.1%","374","3.3%","769","2.3%","890","3.8%","683","1.8%","350","7.9%","1,421","1.7%","864","2.0%","696","2.3%","2,634","2.5%","1,522","2.3%"
"        Selected Age Categories","","","","","","","","","","","","","","","","","","","","","","","","","","","","","","","","","","","","","",""
"            16 years and over","6,070","84.4%","22,868","80.7%","4,026","83.0%","25,071","79.9%","1,247","82.7%","89,111","84.9%","23,323","77.7%","27,302","80.8%","9,876","83.7%","9,026","79.3%","26,792","79.3%","19,238","82.9%","32,122","83.1%","3,752","84.2%","69,044","81.9%","36,753","83.7%","24,311","79.1%","87,076","82.4%","55,147","83.4%"
"            18 years and over","5,825","81.0%","22,198","78.3%","3,948","81.4%","24,302","77.4%","1,205","80.0%","86,902","82.8%","22,401","74.6%","26,565","78.6%","9,582","81.2%","8,607","75.6%","25,956","76.8%","18,680","80.5%","31,293","81.0%","3,605","80.9%","67,115","79.6%","35,843","81.6%","23,523","76.6%","84,759","80.2%","53,787","81.4%"
"            21 years and over","5,172","72.0%","21,289","75.1%","3,838","79.1%","23,549","75.0%","1,168","77.5%","83,380","79.5%","20,992","69.9%","25,760","76.2%","9,243","78.4%","8,181","71.8%","25,038","74.1%","17,999","77.5%","30,178","78.1%","3,469","77.9%","64,594","76.6%","34,529","78.6%","22,741","74.0%","81,827","77.4%","51,660","78.1%"
"            62 years and over","2,146","29.9%","5,469","19.3%","984","20.3%","6,081","19.4%","356","23.6%","22,095","21.1%","3,267","10.9%","6,867","20.3%","3,363","28.5%","3,040","26.7%","6,225","18.4%","5,526","23.8%","8,797","22.8%","1,664","37.3%","13,467","16.0%","8,663","19.7%","6,154","20.0%","19,784","18.7%","13,939","21.1%"
"            65 years and over","1,847","25.7%","4,571","16.1%","791","16.3%","5,079","16.2%","281","18.6%","18,096","17.3%","2,539","8.5%","5,864","17.3%","2,824","23.9%","2,628","23.1%","5,226","15.5%","4,640","20.0%","7,078","18.3%","1,446","32.5%","10,967","13.0%","7,030","16.0%","5,104","16.6%","16,424","15.5%","11,300","17.1%"
"    Male population","3,498","100.0%","13,908","100.0%","2,416","100.0%","15,147","100.0%","767","100.0%","51,877","100.0%","15,182","100.0%","16,610","100.0%","5,613","100.0%","5,604","100.0%","16,498","100.0%","11,330","100.0%","19,024","100.0%","2,162","100.0%","42,246","100.0%","21,779","100.0%","14,909","100.0%","52,206","100.0%","32,669","100.0%"
"        Under 5 years","93","2.7%","776","5.6%","130","5.4%","850","5.6%","41","5.3%","2,478","4.8%","924","6.1%","1,001","6.0%","275","4.9%","197","3.5%","967","5.9%","579","5.1%","1,001","5.3%","72","3.3%","2,451","5.8%","1,146","5.3%","883","5.9%","3,244","6.2%","1,755","5.4%"
"        5 to 9 years","181","5.2%","898","6.5%","144","6.0%","1,046","6.9%","47","6.1%","2,451","4.7%","1,096","7.2%","1,163","7.0%","301","5.4%","417","7.4%","1,190","7.2%","659","5.8%","1,058","5.6%","124","5.7%","2,480","5.9%","1,127","5.2%","1,061","7.1%","2,878","5.5%","1,739","5.3%"
"        10 to 14 years","271","7.7%","892","6.4%","113","4.7%","1,106","7.3%","45","5.9%","2,639","5.1%","1,182","7.8%","1,007","6.1%","308","5.5%","511","9.1%","1,206","7.3%","701","6.2%","1,114","5.9%","154","7.1%","2,509","5.9%","1,179","5.4%","1,050","7.0%","2,901","5.6%","1,813","5.5%"
"        15 to 19 years","395","11.3%","814","5.9%","93","3.8%","873","5.8%","45","5.9%","2,873","5.5%","1,213","8.0%","906","5.5%","326","5.8%","479","8.5%","937","5.7%","653","5.8%","1,031","5.4%","169","7.8%","2,436","5.8%","1,159","5.3%","905","6.1%","2,856","5.5%","1,734","5.3%"
"        20 to 24 years","333","9.5%","644","4.6%","104","4.3%","605","4.0%","51","6.6%","3,804","7.3%","1,308","8.6%","652","3.9%","288","5.1%","262","4.7%","955","5.8%","629","5.6%","928","4.9%","105","4.9%","2,623","6.2%","1,261","5.8%","592","4.0%","2,927","5.6%","2,006","6.1%"
"        25 to 29 years","125","3.6%","920","6.6%","124","5.1%","860","5.7%","53","6.9%","4,661","9.0%","1,430","9.4%","1,083","6.5%","263","4.7%","194","3.5%","1,262","7.6%","729","6.4%","1,148","6.0%","62","2.9%","3,616","8.6%","1,842","8.5%","634","4.3%","4,308","8.3%","2,605","8.0%"
"        30 to 34 years","113","3.2%","1,012","7.3%","186","7.7%","1,214","8.0%","58","7.6%","4,560","8.8%","1,377","9.1%","1,524","9.2%","298","5.3%","129","2.3%","1,333","8.1%","792","7.0%","1,424","7.5%","45","2.1%","4,274","10.1%","1,948","8.9%","843","5.7%","5,139","9.8%","2,739","8.4%"
"        35 to 39 years","79","2.3%","1,077","7.7%","228","9.4%","1,153","7.6%","41","5.3%","3,967","7.6%","1,205","7.9%","1,497","9.0%","344","6.1%","159","2.8%","1,225","7.4%","760","6.7%","1,460","7.7%","63","2.9%","3,764","8.9%","1,791","8.2%","1,151","7.7%","4,562","8.7%","2,580","7.9%"
"        40 to 44 years","130","3.7%","1,081","7.8%","186","7.7%","1,239","8.2%","34","4.4%","3,549","6.8%","1,093","7.2%","1,333","8.0%","340","6.1%","273","4.9%","1,096","6.6%","711","6.3%","1,379","7.2%","77","3.6%","2,998","7.1%","1,609","7.4%","1,167","7.8%","3,742","7.2%","2,402","7.4%"
"        45 to 49 years","180","5.1%","1,078","7.8%","167","6.9%","1,212","8.0%","42","5.5%","3,278","6.3%","967","6.4%","1,184","7.1%","379","6.8%","393","7.0%","1,163","7.0%","791","7.0%","1,272","6.7%","122","5.6%","2,946","7.0%","1,357","6.2%","1,189","8.0%","3,454","6.6%","2,073","6.3%"
"        50 to 54 years","269","7.7%","966","6.9%","183","7.6%","1,064","7.0%","50","6.5%","3,244","6.3%","836","5.5%","991","6.0%","402","7.2%","450","8.0%","1,038","6.3%","741","6.5%","1,346","7.1%","141","6.5%","2,663","6.3%","1,420","6.5%","1,203","8.1%","3,306","6.3%","2,007","6.1%"
"        55 to 59 years","258","7.4%","911","6.6%","184","7.6%","984","6.5%","65","8.5%","3,436","6.6%","791","5.2%","927","5.6%","421","7.5%","488","8.7%","996","6.0%","825","7.3%","1,349","7.1%","196","9.1%","2,585","6.1%","1,487","6.8%","1,053","7.1%","3,179","6.1%","2,155","6.6%"
"        60 to 64 years","244","7.0%","769","5.5%","167","6.9%","786","5.2%","64","8.3%","3,204","6.2%","624","4.1%","779","4.7%","457","8.1%","376","6.7%","853","5.2%","737","6.5%","1,323","7.0%","180","8.3%","2,154","5.1%","1,380","6.3%","900","6.0%","2,772","5.3%","2,130","6.5%"
"        65 to 69 years","217","6.2%","624","4.5%","154","6.4%","687","4.5%","50","6.5%","2,696","5.2%","442","2.9%","686","4.1%","391","7.0%","345","6.2%","667","4.0%","618","5.5%","1,188","6.2%","160","7.4%","1,678","4.0%","1,075","4.9%","746","5.0%","2,262","4.3%","1,742","5.3%"
"        70 to 74 years","214","6.1%","524","3.8%","123","5.1%","509","3.4%","34","4.4%","2,175","4.2%","291","1.9%","670","4.0%","349","6.2%","317","5.7%","574","3.5%","498","4.4%","931","4.9%","144","6.7%","1,210","2.9%","817","3.8%","597","4.0%","1,788","3.4%","1,324","4.1%"
"        75 to 79 years","181","5.2%","400","2.9%","64","2.6%","376","2.5%","17","2.2%","1,182","2.3%","177","1.2%","527","3.2%","249","4.4%","259","4.6%","443","2.7%","344","3.0%","491","2.6%","113","5.2%","843","2.0%","517","2.4%","381","2.6%","1,194","2.3%","771","2.4%"
"        80 to 84 years","107","3.1%","268","1.9%","30","1.2%","298","2.0%","20","2.6%","883","1.7%","106","0.7%","366","2.2%","121","2.2%","181","3.2%","292","1.8%","242","2.1%","323","1.7%","102","4.7%","526","1.2%","345","1.6%","284","1.9%","775","1.5%","558","1.7%"
"        85 years and over","108","3.1%","254","1.8%","36","1.5%","285","1.9%","10","1.3%","797","1.5%","120","0.8%","314","1.9%","101","1.8%","174","3.1%","301","1.8%","321","2.8%","258","1.4%","133","6.2%","490","1.2%","319","1.5%","270","1.8%","919","1.8%","536","1.6%"
"        Selected Age Categories","","","","","","","","","","","","","","","","","","","","","","","","","","","","","","","","","","","","","",""
"            16 years and over","2,897","82.8%","11,168","80.3%","2,006","83.0%","11,960","79.0%","629","82.0%","43,746","84.3%","11,755","77.4%","13,223","79.6%","4,666","83.1%","4,369","78.0%","12,896","78.2%","9,253","81.7%","15,652","82.3%","1,781","82.4%","34,304","81.2%","18,076","83.0%","11,668","78.3%","42,638","81.7%","27,018","82.7%"
"            18 years and over","2,759","78.9%","10,833","77.9%","1,976","81.8%","11,544","76.2%","602","78.5%","42,597","82.1%","11,278","74.3%","12,845","77.3%","4,526","80.6%","4,158","74.2%","12,508","75.8%","8,985","79.3%","15,228","80.0%","1,687","78.0%","33,289","78.8%","17,640","81.0%","11,279","75.7%","41,421","79.3%","26,338","80.6%"
"            21 years and over","2,451","70.1%","10,384","74.7%","1,917","79.3%","11,171","73.8%","580","75.6%","40,770","78.6%","10,543","69.4%","12,417","74.8%","4,345","77.4%","3,947","70.4%","12,037","73.0%","8,617","76.1%","14,639","77.0%","1,620","74.9%","31,918","75.6%","16,922","77.7%","10,879","73.0%","39,786","76.2%","25,237","77.3%"
"            62 years and over","966","27.6%","2,519","18.1%","497","20.6%","2,630","17.4%","173","22.6%","9,563","18.4%","1,485","9.8%","3,027","18.2%","1,472","26.2%","1,472","26.3%","2,740","16.6%","2,429","21.4%","3,999","21.0%","758","35.1%","5,973","14.1%","3,842","17.6%","2,767","18.6%","8,569","16.4%","6,166","18.9%"
"            65 years and over","827","23.6%","2,070","14.9%","407","16.8%","2,155","14.2%","131","17.1%","7,733","14.9%","1,136","7.5%","2,563","15.4%","1,211","21.6%","1,276","22.8%","2,277","13.8%","2,023","17.9%","3,191","16.8%","652","30.2%","4,747","11.2%","3,073","14.1%","2,278","15.3%","6,938","13.3%","4,931","15.1%"
"    Female population","3,690","100.0%","14,427","100.0%","2,435","100.0%","16,239","100.0%","740","100.0%","53,024","100.0%","14,852","100.0%","17,195","100.0%","6,182","100.0%","5,783","100.0%","17,282","100.0%","11,886","100.0%","19,616","100.0%","2,294","100.0%","42,046","100.0%","22,129","100.0%","15,813","100.0%","53,455","100.0%","33,436","100.0%"
"        Under 5 years","99","2.7%","728","5.0%","140","5.7%","816","5.0%","35","4.7%","2,343","4.4%","902","6.1%","914","5.3%","259","4.2%","197","3.4%","922","5.3%","534","4.5%","964","4.9%","69","3.0%","2,329","5.5%","1,049","4.7%","883","5.6%","2,973","5.6%","1,643","4.9%"
"        5 to 9 years","131","3.6%","899","6.2%","125","5.1%","1,087","6.7%","33","4.5%","2,328","4.4%","1,012","6.8%","1,060","6.2%","293","4.7%","345","6.0%","1,049","6.1%","571","4.8%","988","5.0%","102","4.4%","2,229","5.3%","1,112","5.0%","1,011","6.4%","2,713","5.1%","1,692","5.1%"
"        10 to 14 years","222","6.0%","909","6.3%","128","5.3%","1,019","6.3%","40","5.4%","2,460","4.6%","1,163","7.8%","941","5.5%","347","5.6%","481","8.3%","1,190","6.9%","666","5.6%","989","5.0%","123","5.4%","2,288","5.4%","1,080","4.9%","1,083","6.8%","2,710","5.1%","1,682","5.0%"
"        15 to 19 years","409","11.1%","837","5.8%","106","4.4%","844","5.2%","42","5.7%","2,688","5.1%","1,096","7.4%","833","4.8%","336","5.4%","456","7.9%","997","5.8%","660","5.6%","955","4.9%","135","5.9%","2,163","5.1%","1,073","4.8%","876","5.5%","2,626","4.9%","1,650","4.9%"
"        20 to 24 years","287","7.8%","663","4.6%","90","3.7%","530","3.3%","39","5.3%","3,457","6.5%","1,214","8.2%","585","3.4%","268","4.3%","290","5.0%","796","4.6%","499","4.2%","895","4.6%","87","3.8%","2,265","5.4%","1,154","5.2%","564","3.6%","2,531","4.7%","1,824","5.5%"
"        25 to 29 years","129","3.5%","835","5.8%","112","4.6%","943","5.8%","54","7.3%","4,268","8.0%","1,382","9.3%","1,096","6.4%","238","3.8%","179","3.1%","1,169","6.8%","646","5.4%","1,046","5.3%","43","1.9%","3,386","8.1%","1,738","7.9%","633","4.0%","4,183","7.8%","2,327","7.0%"
"        30 to 34 years","88","2.4%","1,040","7.2%","186","7.6%","1,196","7.4%","52","7.0%","4,047","7.6%","1,236","8.3%","1,449","8.4%","298","4.8%","155","2.7%","1,316","7.6%","766","6.4%","1,348","6.9%","58","2.5%","3,844","9.1%","1,862","8.4%","874","5.5%","4,702","8.8%","2,544","7.6%"
"        35 to 39 years","126","3.4%","1,078","7.5%","204","8.4%","1,268","7.8%","39","5.3%","3,597","6.8%","1,145","7.7%","1,476","8.6%","375","6.1%","213","3.7%","1,279","7.4%","776","6.5%","1,466","7.5%","81","3.5%","3,440","8.2%","1,709","7.7%","1,205","7.6%","4,413","8.3%","2,513","7.5%"
"        40 to 44 years","129","3.5%","1,171","8.1%","196","8.0%","1,346","8.3%","47","6.4%","3,447","6.5%","1,045","7.0%","1,348","7.8%","354","5.7%","322","5.6%","1,219","7.1%","801","6.7%","1,368","7.0%","104","4.5%","3,068","7.3%","1,515","6.8%","1,286","8.1%","3,831","7.2%","2,271","6.8%"
"        45 to 49 years","224","6.1%","1,069","7.4%","194","8.0%","1,251","7.7%","37","5.0%","3,261","6.2%","943","6.3%","1,262","7.3%","382","6.2%","463","8.0%","1,226","7.1%","833","7.0%","1,308","6.7%","128","5.6%","2,882","6.9%","1,420","6.4%","1,195","7.6%","3,489","6.5%","2,050","6.1%"
"        50 to 54 years","285","7.7%","1,000","6.9%","197","8.1%","1,115","6.9%","57","7.7%","3,400","6.4%","876","5.9%","1,061","6.2%","416","6.7%","487","8.4%","1,152","6.7%","812","6.8%","1,440","7.3%","199","8.7%","2,956","7.0%","1,415","6.4%","1,280","8.1%","3,394","6.3%","2,259","6.8%"
"        55 to 59 years","281","7.6%","900","6.2%","179","7.4%","1,027","6.3%","53","7.2%","3,660","6.9%","766","5.2%","979","5.7%","483","7.8%","461","8.0%","1,078","6.2%","900","7.6%","1,472","7.5%","190","8.3%","2,743","6.5%","1,612","7.3%","1,117","7.1%","3,410","6.4%","2,275","6.8%"
"        60 to 64 years","260","7.0%","797","5.5%","194","8.0%","873","5.4%","62","8.4%","3,705","7.0%","669","4.5%","890","5.2%","520","8.4%","382","6.6%","940","5.4%","805","6.8%","1,490","7.6%","181","7.9%","2,233","5.3%","1,433","6.5%","980","6.2%","2,994","5.6%","2,337","7.0%"
"        65 to 69 years","248","6.7%","658","4.6%","145","6.0%","862","5.3%","40","5.4%","3,102","5.9%","467","3.1%","870","5.1%","462","7.5%","384","6.6%","812","4.7%","658","5.5%","1,326","6.8%","160","7.0%","1,905","4.5%","1,280","5.8%","796","5.0%","2,588","4.8%","1,924","5.8%"
"        70 to 74 years","239","6.5%","597","4.1%","104","4.3%","680","4.2%","40","5.4%","2,681","5.1%","372","2.5%","902","5.2%","466","7.5%","327","5.7%","751","4.3%","604","5.1%","1,039","5.3%","137","6.0%","1,559","3.7%","1,003","4.5%","736","4.7%","2,190","4.1%","1,585","4.7%"
"        75 to 79 years","189","5.1%","443","3.1%","58","2.4%","480","3.0%","22","3.0%","1,689","3.2%","231","1.6%","651","3.8%","348","5.6%","266","4.6%","502","2.9%","408","3.4%","645","3.3%","158","6.9%","1,107","2.6%","650","2.9%","502","3.2%","1,780","3.3%","1,085","3.2%"
"        80 to 84 years","126","3.4%","340","2.4%","43","1.8%","408","2.5%","17","2.3%","1,351","2.5%","174","1.2%","452","2.6%","186","3.0%","175","3.0%","416","2.4%","378","3.2%","452","2.3%","122","5.3%","718","1.7%","479","2.2%","366","2.3%","1,213","2.3%","789","2.4%"
"        85 years and over","218","5.9%","463","3.2%","34","1.4%","494","3.0%","31","4.2%","1,540","2.9%","159","1.1%","426","2.5%","151","2.4%","200","3.5%","468","2.7%","569","4.8%","425","2.2%","217","9.5%","931","2.2%","545","2.5%","426","2.7%","1,715","3.2%","986","2.9%"
"        Selected Age Categories","","","","","","","","","","","","","","","","","","","","","","","","","","","","","","","","","","","","","",""
"            16 years and over","3,173","86.0%","11,700","81.1%","2,020","83.0%","13,111","80.7%","618","83.5%","45,365","85.6%","11,568","77.9%","14,079","81.9%","5,210","84.3%","4,657","80.5%","13,896","80.4%","9,985","84.0%","16,470","84.0%","1,971","85.9%","34,740","82.6%","18,677","84.4%","12,643","80.0%","44,438","83.1%","28,129","84.1%"
"            18 years and over","3,066","83.1%","11,365","78.8%","1,972","81.0%","12,758","78.6%","603","81.5%","44,305","83.6%","11,123","74.9%","13,720","79.8%","5,056","81.8%","4,449","76.9%","13,448","77.8%","9,695","81.6%","16,065","81.9%","1,918","83.6%","33,826","80.4%","18,203","82.3%","12,244","77.4%","43,338","81.1%","27,449","82.1%"
"            21 years and over","2,721","73.7%","10,905","75.6%","1,921","78.9%","12,378","76.2%","588","79.5%","42,610","80.4%","10,449","70.4%","13,343","77.6%","4,898","79.2%","4,234","73.2%","13,001","75.2%","9,382","78.9%","15,539","79.2%","1,849","80.6%","32,676","77.7%","17,607","79.6%","11,862","75.0%","42,041","78.6%","26,423","79.0%"
"            62 years and over","1,180","32.0%","2,950","20.4%","487","20.0%","3,451","21.3%","183","24.7%","12,532","23.6%","1,782","12.0%","3,840","22.3%","1,891","30.6%","1,568","27.1%","3,485","20.2%","3,097","26.1%","4,798","24.5%","906","39.5%","7,494","17.8%","4,821","21.8%","3,387","21.4%","11,215","21.0%","7,773","23.2%"
"            65 years and over","1,020","27.6%","2,501","17.3%","384","15.8%","2,924","18.0%","150","20.3%","10,363","19.5%","1,403","9.4%","3,301","19.2%","1,613","26.1%","1,352","23.4%","2,949","17.1%","2,617","22.0%","3,887","19.8%","794","34.6%","6,220","14.8%","3,957","17.9%","2,826","17.9%","9,486","17.7%","6,369","19.0%"
"MEDIAN AGE BY SEX","","","","","","","","","","","","","","","","","","","","","","","","","","","","","","","","","","","","","",""
"    Both sexes","48.4","(X)","40.3","(X)","42.5","(X)","40.5","(X)","41.8","(X)","39.9","(X)","31.9","(X)","39.5","(X)","47.6","(X)","47.7","(X)","38.2","(X)","43.3","(X)","42.7","(X)","54.5","(X)","37.1","(X)","39.6","(X)","42.3","(X)","38.3","(X)","40.2","(X)"
"    Male","45.7","(X)","39.6","(X)","41.9","(X)","39.5","(X)","40.4","(X)","38.0","(X)","31.4","(X)","38.1","(X)","45.7","(X)","47.3","(X)","36.5","(X)","41.0","(X)","41.0","(X)","53.2","(X)","35.8","(X)","38.3","(X)","41.4","(X)","36.9","(X)","38.8","(X)"
"    Female","50.0","(X)","40.9","(X)","43.0","(X)","41.5","(X)","43.5","(X)","41.7","(X)","32.5","(X)","40.8","(X)","49.3","(X)","48.0","(X)","39.7","(X)","45.2","(X)","44.2","(X)","55.5","(X)","38.5","(X)","40.8","(X)","43.0","(X)","39.8","(X)","41.7","(X)"
"RACE","","","","","","","","","","","","","","","","","","","","","","","","","","","","","","","","","","","","","",""
"    Total population","7,188","100.0%","28,335","100.0%","4,851","100.0%","31,386","100.0%","1,507","100.0%","104,901","100.0%","30,034","100.0%","33,805","100.0%","11,795","100.0%","11,387","100.0%","33,780","100.0%","23,216","100.0%","38,640","100.0%","4,456","100.0%","84,292","100.0%","43,908","100.0%","30,722","100.0%","105,661","100.0%","66,105","100.0%"
"        One Race","6,564","91.3%","24,793","87.5%","4,161","85.8%","27,728","88.3%","1,262","83.7%","95,490","91.0%","25,638","85.4%","30,999","91.7%","9,948","84.3%","10,469","91.9%","29,987","88.8%","21,137","91.0%","32,629","84.4%","4,004","89.9%","72,452","86.0%","37,834","86.2%","26,891","87.5%","92,319","87.4%","57,269","86.6%"
"            White","4,844","67.4%","14,248","50.3%","2,114","43.6%","16,647","53.0%","347","23.0%","15,009","14.3%","3,574","11.9%","11,166","33.0%","7,371","62.5%","6,304","55.4%","19,344","57.3%","7,340","31.6%","20,488","53.0%","3,585","80.5%","37,487","44.5%","14,822","33.8%","19,476","63.4%","43,826","41.5%","14,584","22.1%"
"            Black or African American","100","1.4%","370","1.3%","89","1.8%","298","0.9%","60","4.0%","2,531","2.4%","3,287","10.9%","514","1.5%","81","0.7%","43","0.4%","1,063","3.1%","172","0.7%","738","1.9%","11","0.2%","1,531","1.8%","771","1.8%","268","0.9%","1,815","1.7%","1,311","2.0%"
"            American Indian and Alaska Native","14","0.2%","102","0.4%","30","0.6%","120","0.4%","21","1.4%","980","0.9%","682","2.3%","76","0.2%","92","0.8%","4","0.0%","232","0.7%","87","0.4%","307","0.8%","4","0.1%","1,330","1.6%","458","1.0%","99","0.3%","866","0.8%","732","1.1%"
"            Asian","1,411","19.6%","8,398","29.6%","1,539","31.7%","8,649","27.6%","460","30.5%","60,281","57.5%","1,596","5.3%","18,074","53.5%","726","6.2%","3,946","34.7%","5,822","17.2%","12,238","52.7%","8,385","21.7%","347","7.8%","13,693","16.2%","14,148","32.2%","5,876","19.1%","28,047","26.5%","27,369","41.4%"
"            Native Hawaiian and Other Pacific Islander","45","0.6%","148","0.5%","24","0.5%","113","0.4%","6","0.4%","764","0.7%","2,084","6.9%","196","0.6%","16","0.1%","29","0.3%","367","1.1%","230","1.0%","286","0.7%","0","0.0%","669","0.8%","1,156","2.6%","82","0.3%","1,700","1.6%","1,058","1.6%"
"            Some Other Race","150","2.1%","1,527","5.4%","365","7.5%","1,901","6.1%","368","24.4%","15,925","15.2%","14,415","48.0%","973","2.9%","1,662","14.1%","143","1.3%","3,159","9.4%","1,070","4.6%","2,425","6.3%","57","1.3%","17,742","21.0%","6,479","14.8%","1,090","3.5%","16,065","15.2%","12,215","18.5%"
"        Two or More Races","624","8.7%","3,542","12.5%","690","14.2%","3,658","11.7%","245","16.3%","9,411","9.0%","4,396","14.6%","2,806","8.3%","1,847","15.7%","918","8.1%","3,793","11.2%","2,079","9.0%","6,011","15.6%","452","10.1%","11,840","14.0%","6,074","13.8%","3,831","12.5%","13,342","12.6%","8,836","13.4%"
"TOTAL RACES TALLIED [1]","","","","","","","","","","","","","","","","","","","","","","","","","","","","","","","","","","","","","",""
"    Total races tallied","7,883","109.7%","32,171","113.5%","5,622","115.9%","35,300","112.5%","1,786","118.5%","115,262","109.9%","34,722","115.6%","36,838","109.0%","13,739","116.5%","12,359","108.5%","37,881","112.1%","25,486","109.8%","45,256","117.1%","4,932","110.7%","97,044","115.1%","50,603","115.2%","34,846","113.4%","120,224","113.8%","75,803","114.7%"
"        White alone or in combination with one or more other races","5,418","75.4%","17,578","62.0%","2,750","56.7%","20,087","64.0%","557","37.0%","22,806","21.7%","7,357","24.5%","13,720","40.6%","9,143","77.5%","7,191","63.2%","22,874","67.7%","9,233","39.8%","26,037","67.4%","4,023","90.3%","48,565","57.6%","20,166","45.9%","23,186","75.5%","56,036","53.0%","22,211","33.6%"
"        Black or African American alone or in combination with one or more other races","163","2.3%","691","2.4%","153","3.2%","589","1.9%","82","5.4%","3,584","3.4%","3,882","12.9%","761","2.3%","148","1.3%","95","0.8%","1,425","4.2%","340","1.5%","1,317","3.4%","40","0.9%","2,430","2.9%","1,302","3.0%","532","1.7%","2,954","2.8%","2,008","3.0%"
"        American Indian and Alaska Native alone or in combination with one or more other races","83","1.2%","429","1.5%","126","2.6%","443","1.4%","71","4.7%","1,966","1.9%","1,153","3.8%","322","1.0%","324","2.7%","50","0.4%","677","2.0%","316","1.4%","1,086","2.8%","44","1.0%","2,660","3.2%","1,100","2.5%","492","1.6%","2,231","2.1%","1,797","2.7%"
"        Asian alone or in combination with one or more other races","1,685","23.4%","10,004","35.3%","1,788","36.9%","10,096","32.2%","527","35.0%","63,483","60.5%","2,040","6.8%","19,393","57.4%","1,004","8.5%","4,469","39.2%","7,155","21.2%","13,071","56.3%","10,605","27.4%","526","11.8%","16,435","19.5%","16,022","36.5%","7,476","24.3%","32,299","30.6%","29,882","45.2%"
"        Native Hawaiian and Other Pacific Islander alone or in combination with one or more other races","91","1.3%","315","1.1%","54","1.1%","278","0.9%","16","1.1%","1,513","1.4%","2,312","7.7%","362","1.1%","54","0.5%","45","0.4%","499","1.5%","326","1.4%","649","1.7%","6","0.1%","1,018","1.2%","1,676","3.8%","175","0.6%","2,513","2.4%","1,700","2.6%"
"        Some Other Race alone or in combination with one or more other races","443","6.2%","3,154","11.1%","751","15.5%","3,807","12.1%","533","35.4%","21,910","20.9%","17,978","59.9%","2,280","6.7%","3,066","26.0%","509","4.5%","5,251","15.5%","2,200","9.5%","5,562","14.4%","293","6.6%","25,936","30.8%","10,337","23.5%","2,985","9.7%","24,191","22.9%","18,205","27.5%"
"HISPANIC OR LATINO","","","","","","","","","","","","","","","","","","","","","","","","","","","","","","","","","","","","","",""
"    Total population","7,188","100.0%","28,335","100.0%","4,851","100.0%","31,386","100.0%","1,507","100.0%","104,901","100.0%","30,034","100.0%","33,805","100.0%","11,795","100.0%","11,387","100.0%","33,780","100.0%","23,216","100.0%","38,640","100.0%","4,456","100.0%","84,292","100.0%","43,908","100.0%","30,722","100.0%","105,661","100.0%","66,105","100.0%"
"        Hispanic or Latino (of any race)","484","6.7%","3,523","12.4%","868","17.9%","4,263","13.6%","621","41.2%","25,237","24.1%","19,964","66.5%","2,421","7.2%","3,504","29.7%","531","4.7%","5,989","17.7%","2,621","11.3%","7,363","19.1%","230","5.2%","30,104","35.7%","12,282","28.0%","3,416","11.1%","27,198","25.7%","21,650","32.8%"
"        Not Hispanic or Latino","6,704","93.3%","24,812","87.6%","3,983","82.1%","27,123","86.4%","886","58.8%","79,664","75.9%","10,070","33.5%","31,384","92.8%","8,291","70.3%","10,856","95.3%","27,791","82.3%","20,595","88.7%","31,277","80.9%","4,226","94.8%","54,188","64.3%","31,626","72.0%","27,306","88.9%","78,463","74.3%","44,455","67.2%"
"HISPANIC OR LATINO BY RACE","","","","","","","","","","","","","","","","","","","","","","","","","","","","","","","","","","","","","",""
"    Total population","7,188","100.0%","28,335","100.0%","4,851","100.0%","31,386","100.0%","1,507","100.0%","104,901","100.0%","30,034","100.0%","33,805","100.0%","11,795","100.0%","11,387","100.0%","33,780","100.0%","23,216","100.0%","38,640","100.0%","4,456","100.0%","84,292","100.0%","43,908","100.0%","30,722","100.0%","105,661","100.0%","66,105","100.0%"
"        Hispanic or Latino","484","6.7%","3,523","12.4%","868","17.9%","4,263","13.6%","621","41.2%","25,237","24.1%","19,964","66.5%","2,421","7.2%","3,504","29.7%","531","4.7%","5,989","17.7%","2,621","11.3%","7,363","19.1%","230","5.2%","30,104","35.7%","12,282","28.0%","3,416","11.1%","27,198","25.7%","21,650","32.8%"
"            White alone","113","1.6%","676","2.4%","159","3.3%","821","2.6%","40","2.7%","2,802","2.7%","1,269","4.2%","432","1.3%","423","3.6%","139","1.2%","769","2.3%","473","2.0%","1,746","4.5%","43","1.0%","3,420","4.1%","1,840","4.2%","754","2.5%","3,307","3.1%","2,679","4.1%"
"            Black or African American alone","6","0.1%","22","0.1%","1","0.0%","14","0.0%","10","0.7%","171","0.2%","97","0.3%","35","0.1%","3","0.0%","0","0.0%","62","0.2%","2","0.0%","54","0.1%","0","0.0%","155","0.2%","72","0.2%","9","0.0%","119","0.1%","127","0.2%"
"            American Indian and Alaska Native alone","3","0.0%","80","0.3%","20","0.4%","100","0.3%","17","1.1%","868","0.8%","658","2.2%","45","0.1%","77","0.7%","3","0.0%","206","0.6%","71","0.3%","207","0.5%","4","0.1%","1,201","1.4%","383","0.9%","56","0.2%","689","0.7%","607","0.9%"
"            Asian alone","7","0.1%","68","0.2%","19","0.4%","75","0.2%","18","1.2%","559","0.5%","29","0.1%","82","0.2%","27","0.2%","19","0.2%","58","0.2%","83","0.4%","199","0.5%","5","0.1%","171","0.2%","221","0.5%","55","0.2%","261","0.2%","375","0.6%"
"            Native Hawaiian and Other Pacific Islander alone","0","0.0%","16","0.1%","0","0.0%","8","0.0%","3","0.2%","59","0.1%","76","0.3%","17","0.1%","1","0.0%","0","0.0%","3","0.0%","14","0.1%","28","0.1%","0","0.0%","51","0.1%","30","0.1%","1","0.0%","66","0.1%","62","0.1%"
"            Some Other Race alone","129","1.8%","1,227","4.3%","309","6.4%","1,563","5.0%","355","23.6%","15,000","14.3%","14,277","47.5%","715","2.1%","1,620","13.7%","94","0.8%","3,003","8.9%","897","3.9%","2,062","5.3%","34","0.8%","17,240","20.5%","6,035","13.7%","877","2.9%","15,151","14.3%","11,707","17.7%"
"            Two or More Races","226","3.1%","1,434","5.1%","360","7.4%","1,682","5.4%","178","11.8%","5,778","5.5%","3,558","11.8%","1,095","3.2%","1,353","11.5%","276","2.4%","1,888","5.6%","1,081","4.7%","3,067","7.9%","144","3.2%","7,866","9.3%","3,701","8.4%","1,664","5.4%","7,605","7.2%","6,093","9.2%"
"        Not Hispanic or Latino","6,704","93.3%","24,812","87.6%","3,983","82.1%","27,123","86.4%","886","58.8%","79,664","75.9%","10,070","33.5%","31,384","92.8%","8,291","70.3%","10,856","95.3%","27,791","82.3%","20,595","88.7%","31,277","80.9%","4,226","94.8%","54,188","64.3%","31,626","72.0%","27,306","88.9%","78,463","74.3%","44,455","67.2%"
"            White alone","4,731","65.8%","13,572","47.9%","1,955","40.3%","15,826","50.4%","307","20.4%","12,207","11.6%","2,305","7.7%","10,734","31.8%","6,948","58.9%","6,165","54.1%","18,575","55.0%","6,867","29.6%","18,742","48.5%","3,542","79.5%","34,067","40.4%","12,982","29.6%","18,722","60.9%","40,519","38.3%","11,905","18.0%"
"            Black or African American alone","94","1.3%","348","1.2%","88","1.8%","284","0.9%","50","3.3%","2,360","2.2%","3,190","10.6%","479","1.4%","78","0.7%","43","0.4%","1,001","3.0%","170","0.7%","684","1.8%","11","0.2%","1,376","1.6%","699","1.6%","259","0.8%","1,696","1.6%","1,184","1.8%"
"            American Indian and Alaska Native alone","11","0.2%","22","0.1%","10","0.2%","20","0.1%","4","0.3%","112","0.1%","24","0.1%","31","0.1%","15","0.1%","1","0.0%","26","0.1%","16","0.1%","100","0.3%","0","0.0%","129","0.2%","75","0.2%","43","0.1%","177","0.2%","125","0.2%"
"            Asian alone","1,404","19.5%","8,330","29.4%","1,520","31.3%","8,574","27.3%","442","29.3%","59,722","56.9%","1,567","5.2%","17,992","53.2%","699","5.9%","3,927","34.5%","5,764","17.1%","12,155","52.4%","8,186","21.2%","342","7.7%","13,522","16.0%","13,927","31.7%","5,821","18.9%","27,786","26.3%","26,994","40.8%"
"            Native Hawaiian and Other Pacific Islander alone","45","0.6%","132","0.5%","24","0.5%","105","0.3%","3","0.2%","705","0.7%","2,008","6.7%","179","0.5%","15","0.1%","29","0.3%","364","1.1%","216","0.9%","258","0.7%","0","0.0%","618","0.7%","1,126","2.6%","81","0.3%","1,634","1.5%","996","1.5%"
"            Some Other Race alone","21","0.3%","300","1.1%","56","1.2%","338","1.1%","13","0.9%","925","0.9%","138","0.5%","258","0.8%","42","0.4%","49","0.4%","156","0.5%","173","0.7%","363","0.9%","23","0.5%","502","0.6%","444","1.0%","213","0.7%","914","0.9%","508","0.8%"
"            Two or More Races","398","5.5%","2,108","7.4%","330","6.8%","1,976","6.3%","67","4.4%","3,633","3.5%","838","2.8%","1,711","5.1%","494","4.2%","642","5.6%","1,905","5.6%","998","4.3%","2,944","7.6%","308","6.9%","3,974","4.7%","2,373","5.4%","2,167","7.1%","5,737","5.4%","2,743","4.1%"
"RELATIONSHIP","","","","","","","","","","","","","","","","","","","","","","","","","","","","","","","","","","","","","",""
"    Total population","7,188","100.0%","28,335","100.0%","4,851","100.0%","31,386","100.0%","1,507","100.0%","104,901","100.0%","30,034","100.0%","33,805","100.0%","11,795","100.0%","11,387","100.0%","33,780","100.0%","23,216","100.0%","38,640","100.0%","4,456","100.0%","84,292","100.0%","43,908","100.0%","30,722","100.0%","105,661","100.0%","66,105","100.0%"
"        In households","6,596","91.8%","27,613","97.5%","4,837","99.7%","30,806","98.2%","1,450","96.2%","104,190","99.3%","29,890","99.5%","33,555","99.3%","11,737","99.5%","11,377","99.9%","33,380","98.8%","23,014","99.1%","38,501","99.6%","4,395","98.6%","81,966","97.2%","43,618","99.3%","30,658","99.8%","104,440","98.8%","65,703","99.4%"
"            Householder","2,254","31.4%","10,669","37.7%","1,945","40.1%","12,474","39.7%","493","32.7%","31,796","30.3%","7,681","25.6%","12,900","38.2%","4,577","38.8%","3,681","32.3%","12,740","37.7%","8,259","35.6%","14,201","36.8%","1,742","39.1%","30,623","36.3%","15,919","36.3%","11,785","38.4%","40,259","38.1%","21,825","33.0%"
"            Opposite-sex spouse","1,587","22.1%","6,086","21.5%","936","19.3%","6,349","20.2%","212","14.1%","15,306","14.6%","3,250","10.8%","7,819","23.1%","2,426","20.6%","2,775","24.4%","6,577","19.5%","4,796","20.7%","7,574","19.6%","1,133","25.4%","15,178","18.0%","7,724","17.6%","7,117","23.2%","19,707","18.7%","11,167","16.9%"
"            Same-sex spouse","3","0.0%","67","0.2%","31","0.6%","77","0.2%","1","0.1%","265","0.3%","59","0.2%","62","0.2%","44","0.4%","18","0.2%","85","0.3%","28","0.1%","178","0.5%","14","0.3%","255","0.3%","111","0.3%","79","0.3%","283","0.3%","163","0.2%"
"            Opposite-sex unmarried partner","45","0.6%","639","2.3%","149","3.1%","771","2.5%","32","2.1%","1,755","1.7%","559","1.9%","535","1.6%","178","1.5%","76","0.7%","674","2.0%","341","1.5%","937","2.4%","52","1.2%","2,456","2.9%","1,040","2.4%","538","1.8%","2,636","2.5%","1,311","2.0%"
"            Same-sex unmarried partner","4","0.1%","31","0.1%","23","0.5%","43","0.1%","3","0.2%","167","0.2%","32","0.1%","38","0.1%","12","0.1%","5","0.0%","37","0.1%","29","0.1%","73","0.2%","5","0.1%","163","0.2%","66","0.2%","55","0.2%","156","0.1%","79","0.1%"
"            Child [2]","2,020","28.1%","7,945","28.0%","1,208","24.9%","8,997","28.7%","409","27.1%","26,427","25.2%","9,399","31.3%","9,549","28.2%","3,048","25.8%","3,941","34.6%","9,646","28.6%","6,741","29.0%","10,628","27.5%","1,178","26.4%","22,595","26.8%","11,656","26.5%","9,338","30.4%","27,162","25.7%","18,412","27.9%"
"                Under 18 years","1,227","17.1%","5,835","20.6%","818","16.9%","6,734","21.5%","229","15.2%","13,443","12.8%","5,463","18.2%","6,948","20.6%","1,853","15.7%","2,592","22.8%","7,152","21.2%","4,117","17.7%","6,408","16.6%","787","17.7%","15,360","18.2%","6,807","15.5%","6,925","22.5%","18,602","17.6%","10,053","15.2%"
"            Grandchild","104","1.4%","197","0.7%","53","1.1%","233","0.7%","46","3.1%","3,362","3.2%","1,477","4.9%","249","0.7%","211","1.8%","163","1.4%","486","1.4%","323","1.4%","880","2.3%","35","0.8%","1,254","1.5%","1,025","2.3%","240","0.8%","1,431","1.4%","1,910","2.9%"
"                Under 18 years","75","1.0%","133","0.5%","35","0.7%","164","0.5%","34","2.3%","2,455","2.3%","1,116","3.7%","168","0.5%","163","1.4%","116","1.0%","381","1.1%","243","1.0%","607","1.6%","28","0.6%","951","1.1%","751","1.7%","149","0.5%","1,083","1.0%","1,384","2.1%"
"            Other relatives","198","2.8%","1,018","3.6%","265","5.5%","1,071","3.4%","177","11.7%","15,758","15.0%","4,380","14.6%","1,400","4.1%","698","5.9%","441","3.9%","1,252","3.7%","1,560","6.7%","2,160","5.6%","91","2.0%","4,885","5.8%","3,574","8.1%","797","2.6%","6,594","6.2%","7,101","10.7%"
"            Nonrelatives","381","5.3%","961","3.4%","227","4.7%","791","2.5%","77","5.1%","9,354","8.9%","3,053","10.2%","1,003","3.0%","543","4.6%","277","2.4%","1,883","5.6%","937","4.0%","1,870","4.8%","145","3.3%","4,557","5.4%","2,503","5.7%","709","2.3%","6,212","5.9%","3,735","5.7%"
"        In group quarters","592","8.2%","722","2.5%","14","0.3%","580","1.8%","57","3.8%","711","0.7%","144","0.5%","250","0.7%","58","0.5%","10","0.1%","400","1.2%","202","0.9%","139","0.4%","61","1.4%","2,326","2.8%","290","0.7%","64","0.2%","1,221","1.2%","402","0.6%"
"            Institutionalized population:","0","0.0%","203","0.7%","0","0.0%","294","0.9%","31","2.1%","288","0.3%","18","0.1%","28","0.1%","0","0.0%","0","0.0%","266","0.8%","81","0.3%","63","0.2%","58","1.3%","1,337","1.6%","46","0.1%","1","0.0%","179","0.2%","31","0.0%"
"                Male","0","0.0%","74","0.3%","0","0.0%","108","0.3%","12","0.8%","126","0.1%","8","0.0%","13","0.0%","0","0.0%","0","0.0%","137","0.4%","32","0.1%","23","0.1%","12","0.3%","688","0.8%","22","0.1%","1","0.0%","77","0.1%","16","0.0%"
"                Female","0","0.0%","129","0.5%","0","0.0%","186","0.6%","19","1.3%","162","0.2%","10","0.0%","15","0.0%","0","0.0%","0","0.0%","129","0.4%","49","0.2%","40","0.1%","46","1.0%","649","0.8%","24","0.1%","0","0.0%","102","0.1%","15","0.0%"
"            Noninstitutionalized population:","592","8.2%","519","1.8%","14","0.3%","286","0.9%","26","1.7%","423","0.4%","126","0.4%","222","0.7%","58","0.5%","10","0.1%","134","0.4%","121","0.5%","76","0.2%","3","0.1%","989","1.2%","244","0.6%","63","0.2%","1,042","1.0%","371","0.6%"
"                Male","287","4.0%","209","0.7%","5","0.1%","119","0.4%","13","0.9%","177","0.2%","67","0.2%","89","0.3%","37","0.3%","6","0.1%","75","0.2%","52","0.2%","39","0.1%","2","0.0%","507","0.6%","130","0.3%","40","0.1%","541","0.5%","191","0.3%"
"                Female","305","4.2%","310","1.1%","9","0.2%","167","0.5%","13","0.9%","246","0.2%","59","0.2%","133","0.4%","21","0.2%","4","0.0%","59","0.2%","69","0.3%","37","0.1%","1","0.0%","482","0.6%","114","0.3%","23","0.1%","501","0.5%","180","0.3%"
"HOUSEHOLDS BY TYPE","","","","","","","","","","","","","","","","","","","","","","","","","","","","","","","","","","","","","",""
"    Total households","2,252","100.0%","10,705","100.0%","1,955","100.0%","12,481","100.0%","509","100.0%","31,777","100.0%","7,673","100.0%","12,892","100.0%","4,569","100.0%","3,689","100.0%","12,743","100.0%","8,272","100.0%","14,180","100.0%","1,752","100.0%","30,620","100.0%","15,938","100.0%","11,791","100.0%","40,263","100.0%","21,803","100.0%"
"        Married couple household","1,591","70.6%","6,174","57.7%","973","49.8%","6,428","51.5%","224","44.0%","15,550","48.9%","3,314","43.2%","7,867","61.0%","2,464","53.9%","2,803","76.0%","6,655","52.2%","4,834","58.4%","7,747","54.6%","1,149","65.6%","15,415","50.3%","7,839","49.2%","7,204","61.1%","19,999","49.7%","11,321","51.9%"
"            With own children under 18 [3]","569","25.3%","3,035","28.4%","415","21.2%","3,198","25.6%","89","17.5%","5,679","17.9%","1,791","23.3%","3,848","29.8%","864","18.9%","1,193","32.3%","3,286","25.8%","2,040","24.7%","2,979","21.0%","370","21.1%","6,880","22.5%","3,120","19.6%","3,514","29.8%","8,758","21.8%","4,460","20.5%"
"        Cohabiting couple household","46","2.0%","676","6.3%","177","9.1%","820","6.6%","32","6.3%","1,914","6.0%","592","7.7%","578","4.5%","197","4.3%","79","2.1%","721","5.7%","370","4.5%","986","7.0%","54","3.1%","2,598","8.5%","1,113","7.0%","591","5.0%","2,815","7.0%","1,389","6.4%"
"            With own children under 18 [3]","10","0.4%","117","1.1%","31","1.6%","128","1.0%","8","1.6%","558","1.8%","299","3.9%","69","0.5%","44","1.0%","27","0.7%","135","1.1%","90","1.1%","226","1.6%","11","0.6%","598","2.0%","292","1.8%","99","0.8%","517","1.3%","445","2.0%"
"        Male householder, no spouse or partner present:","213","9.5%","1,639","15.3%","378","19.3%","2,052","16.4%","126","24.8%","5,963","18.8%","1,562","20.4%","1,731","13.4%","656","14.4%","305","8.3%","2,102","16.5%","1,125","13.6%","2,145","15.1%","162","9.2%","5,347","17.5%","2,978","18.7%","1,445","12.3%","6,970","17.3%","3,591","16.5%"
"            Living alone","111","4.9%","1,071","10.0%","242","12.4%","1,485","11.9%","67","13.2%","2,591","8.2%","693","9.0%","1,149","8.9%","422","9.2%","145","3.9%","1,295","10.2%","652","7.9%","1,262","8.9%","124","7.1%","3,200","10.5%","1,775","11.1%","997","8.5%","4,343","10.8%","1,997","9.2%"
"                65 years and over","54","2.4%","339","3.2%","84","4.3%","381","3.1%","28","5.5%","767","2.4%","169","2.2%","316","2.5%","228","5.0%","88","2.4%","394","3.1%","277","3.3%","460","3.2%","78","4.5%","831","2.7%","504","3.2%","364","3.1%","1,212","3.0%","679","3.1%"
"            With own children under 18 [3]","27","1.2%","121","1.1%","24","1.2%","151","1.2%","11","2.2%","600","1.9%","179","2.3%","110","0.9%","49","1.1%","45","1.2%","152","1.2%","93","1.1%","164","1.2%","7","0.4%","409","1.3%","202","1.3%","133","1.1%","502","1.2%","234","1.1%"
"        Female householder, no spouse or partner present:","402","17.9%","2,216","20.7%","427","21.8%","3,181","25.5%","127","25.0%","8,350","26.3%","2,205","28.7%","2,716","21.1%","1,252","27.4%","502","13.6%","3,265","25.6%","1,943","23.5%","3,302","23.3%","387","22.1%","7,260","23.7%","4,008","25.1%","2,551","21.6%","10,479","26.0%","5,502","25.2%"
"            Living alone","221","9.8%","1,326","12.4%","235","12.0%","2,037","16.3%","43","8.4%","3,047","9.6%","607","7.9%","1,542","12.0%","839","18.4%","256","6.9%","1,974","15.5%","1,042","12.6%","1,697","12.0%","279","15.9%","3,918","12.8%","2,087","13.1%","1,638","13.9%","6,251","15.5%","2,393","11.0%"
"                65 years and over","167","7.4%","651","6.1%","105","5.4%","840","6.7%","21","4.1%","1,645","5.2%","230","3.0%","833","6.5%","604","13.2%","200","5.4%","959","7.5%","694","8.4%","954","6.7%","231","13.2%","1,700","5.6%","1,030","6.5%","879","7.5%","3,219","8.0%","1,347","6.2%"
"            With own children under 18 [3]","43","1.9%","280","2.6%","54","2.8%","433","3.5%","19","3.7%","1,106","3.5%","575","7.5%","335","2.6%","95","2.1%","70","1.9%","430","3.4%","208","2.5%","414","2.9%","34","1.9%","1,102","3.6%","493","3.1%","286","2.4%","1,188","3.0%","771","3.5%"
"        Households with individuals under 18 years","734","32.6%","3,774","35.3%","614","31.4%","4,122","33.0%","192","37.7%","10,186","32.1%","3,761","49.0%","4,625","35.9%","1,226","26.8%","1,460","39.6%","4,352","34.2%","2,728","33.0%","4,349","30.7%","469","26.8%","9,870","32.2%","4,788","30.0%","4,246","36.0%","12,034","29.9%","7,137","32.7%"
"        Households with individuals 65 years and over","1,116","49.6%","3,088","28.8%","634","32.4%","3,347","26.8%","186","36.5%","11,900","37.4%","1,995","26.0%","3,901","30.3%","2,106","46.1%","1,682","45.6%","3,724","29.2%","3,168","38.3%","5,058","35.7%","949","54.2%","7,663","25.0%","5,097","32.0%","3,670","31.1%","11,659","29.0%","7,768","35.6%"
"HOUSING OCCUPANCY","","","","","","","","","","","","","","","","","","","","","","","","","","","","","","","","","","","","","",""
"    Total housing units","2,526","100.0%","11,169","100.0%","2,052","100.0%","13,170","100.0%","526","100.0%","33,444","100.0%","8,110","100.0%","13,558","100.0%","4,833","100.0%","3,935","100.0%","13,857","100.0%","8,679","100.0%","14,652","100.0%","1,915","100.0%","32,373","100.0%","16,622","100.0%","12,244","100.0%","42,229","100.0%","22,683","100.0%"
"        Occupied housing units","2,252","89.2%","10,705","95.8%","1,955","95.3%","12,481","94.8%","509","96.8%","31,777","95.0%","7,673","94.6%","12,892","95.1%","4,569","94.5%","3,689","93.7%","12,743","92.0%","8,272","95.3%","14,180","96.8%","1,752","91.5%","30,620","94.6%","15,938","95.9%","11,791","96.3%","40,263","95.3%","21,803","96.1%"
"        Vacant housing units","274","10.8%","464","4.2%","97","4.7%","689","5.2%","17","3.2%","1,667","5.0%","437","5.4%","666","4.9%","264","5.5%","246","6.3%","1,114","8.0%","407","4.7%","472","3.2%","163","8.5%","1,753","5.4%","684","4.1%","453","3.7%","1,966","4.7%","880","3.9%"
"            For rent","10","0.4%","243","2.2%","36","1.8%","280","2.1%","6","1.1%","973","2.9%","207","2.6%","364","2.7%","39","0.8%","21","0.5%","423","3.1%","137","1.6%","151","1.0%","28","1.5%","976","3.0%","362","2.2%","197","1.6%","978","2.3%","437","1.9%"
"            Rented, not occupied","3","0.1%","22","0.2%","5","0.2%","33","0.3%","0","0.0%","68","0.2%","29","0.4%","50","0.4%","7","0.1%","0","0.0%","116","0.8%","18","0.2%","28","0.2%","23","1.2%","93","0.3%","49","0.3%","10","0.1%","135","0.3%","32","0.1%"
"            For sale only","36","1.4%","63","0.6%","7","0.3%","43","0.3%","2","0.4%","97","0.3%","18","0.2%","57","0.4%","21","0.4%","34","0.9%","68","0.5%","41","0.5%","41","0.3%","15","0.8%","87","0.3%","25","0.2%","43","0.4%","124","0.3%","48","0.2%"
"            Sold, not occupied","28","1.1%","22","0.2%","11","0.5%","33","0.3%","2","0.4%","55","0.2%","16","0.2%","27","0.2%","14","0.3%","33","0.8%","47","0.3%","28","0.3%","27","0.2%","13","0.7%","48","0.1%","16","0.1%","30","0.2%","93","0.2%","50","0.2%"
"            For seasonal, recreational, or occasional use","68","2.7%","16","0.1%","7","0.3%","77","0.6%","1","0.2%","112","0.3%","30","0.4%","87","0.6%","132","2.7%","48","1.2%","213","1.5%","48","0.6%","77","0.5%","50","2.6%","147","0.5%","63","0.4%","45","0.4%","183","0.4%","65","0.3%"
"            All other vacants","129","5.1%","98","0.9%","31","1.5%","223","1.7%","6","1.1%","362","1.1%","137","1.7%","81","0.6%","51","1.1%","110","2.8%","247","1.8%","135","1.6%","148","1.0%","34","1.8%","402","1.2%","169","1.0%","128","1.0%","453","1.1%","248","1.1%"
"VACANCY RATES","","","","","","","","","","","","","","","","","","","","","","","","","","","","","","","","","","","","","",""
"    Homeowner vacancy rate (percent) [4]","1.7","(X)","1.0","(X)","0.6","(X)","0.7","(X)","0.8","(X)","0.6","(X)","0.6","(X)","0.8","(X)","0.7","(X)","1.0","(X)","1.0","(X)","0.8","(X)","0.4","(X)","1.1","(X)","0.6","(X)","0.3","(X)","0.5","(X)","0.6","(X)","0.4","(X)"
"    Rental vacancy rate (percent) [5]","3.7","(X)","5.2","(X)","4.8","(X)","4.0","(X)","2.2","(X)","6.2","(X)","4.1","(X)","5.6","(X)","2.6","(X)","7.1","(X)","6.5","(X)","4.0","(X)","3.2","(X)","6.3","(X)","5.6","(X)","4.8","(X)","5.2","(X)","4.6","(X)","4.4","(X)"
"HOUSING TENURE","","","","","","","","","","","","","","","","","","","","","","","","","","","","","","","","","","","","","",""
"    Occupied housing units","2,252","100.0%","10,705","100.0%","1,955","100.0%","12,481","100.0%","509","100.0%","31,777","100.0%","7,673","100.0%","12,892","100.0%","4,569","100.0%","3,689","100.0%","12,743","100.0%","8,272","100.0%","14,180","100.0%","1,752","100.0%","30,620","100.0%","15,938","100.0%","11,791","100.0%","40,263","100.0%","21,803","100.0%"
"        Owner-occupied housing units","1,994","88.5%","6,270","58.6%","1,249","63.9%","5,756","46.1%","247","48.5%","17,154","54.0%","2,857","37.2%","6,809","52.8%","3,141","68.7%","3,416","92.6%","6,735","52.9%","4,996","60.4%","9,617","67.8%","1,356","77.4%","14,337","46.8%","8,848","55.5%","8,240","69.9%","20,047","49.8%","12,372","56.7%"
"        Renter-occupied housing units","258","11.5%","4,435","41.4%","706","36.1%","6,725","53.9%","262","51.5%","14,623","46.0%","4,816","62.8%","6,083","47.2%","1,428","31.3%","273","7.4%","6,008","47.1%","3,276","39.6%","4,563","32.2%","396","22.6%","16,283","53.2%","7,090","44.5%","3,551","30.1%","20,216","50.2%","9,431","43.3%"