"Label (Grouping)","Antioch city, California!!Total!!Estimate","Antioch city, California!!Total!!Margin of Error","Antioch city, California!!Percent!!Estimate","Antioch city, California!!Percent!!Margin of Error","Antioch city, California!!Male!!Estimate","Antioch city, California!!Male!!Margin of Error","Antioch city, California!!Percent Male!!Estimate","Antioch city, California!!Percent Male!!Margin of Error","Antioch city, California!!Female!!Estimate","Antioch city, California!!Female!!Margin of Error","Antioch city, California!!Percent Female!!Estimate","Antioch city, California!!Percent Female!!Margin of Error","Concord city, California!!Total!!Estimate","Concord city, California!!Total!!Margin of Error","Concord city, California!!Percent!!Estimate","Concord city, California!!Percent!!Margin of Error","Concord city, California!!Male!!Estimate","Concord city, California!!Male!!Margin of Error","Concord city, California!!Percent Male!!Estimate","Concord city, California!!Percent Male!!Margin of Error","Concord city, California!!Female!!Estimate","Concord city, California!!Female!!Margin of Error","Concord city, California!!Percent Female!!Estimate","Concord city, California!!Percent Female!!Margin of Error","Pittsburg city, California!!Total!!Estimate","Pittsburg city, California!!Total!!Margin of Error","Pittsburg city, California!!Percent!!Estimate","Pittsburg city, California!!Percent!!Margin of Error","Pittsburg city, California!!Male!!Estimate","Pittsburg city, California!!Male!!Margin of Error","Pittsburg city, California!!Percent Male!!Estimate","Pittsburg city, California!!Percent Male!!Margin of Error","Pittsburg city, California!!Female!!Estimate","Pittsburg city, California!!Female!!Margin of Error","Pittsburg city, California!!Percent Female!!Estimate","Pittsburg city, California!!Percent Female!!Margin of Error","Richmond city, California!!Total!!Estimate","Richmond city, California!!Total!!Margin of Error","Richmond city, California!!Percent!!Estimate","Richmond city, California!!Percent!!Margin of Error","Richmond city, California!!Male!!Estimate","Richmond city, California!!Male!!Margin of Error","Richmond city, California!!Percent Male!!Estimate","Richmond city, California!!Percent Male!!Margin of Error","Richmond city, California!!Female!!Estimate","Richmond city, California!!Female!!Margin of Error","Richmond city, California!!Percent Female!!Estimate","Richmond city, California!!Percent Female!!Margin of Error","San Ramon city, California!!Total!!Estimate","San Ramon city, California!!Total!!Margin of Error","San Ramon city, California!!Percent!!Estimate","San Ramon city, California!!Percent!!Margin of Error","San Ramon city, California!!Male!!Estimate","San Ramon city, California!!Male!!Margin of Error","San Ramon city, California!!Percent Male!!Estimate","San Ramon city, California!!Percent Male!!Margin of Error","San Ramon city, California!!Female!!Estimate","San Ramon city, California!!Female!!Margin of Error","San Ramon city, California!!Percent Female!!Estimate","San Ramon city, California!!Percent Female!!Margin of Error","Walnut Creek city, California!!Total!!Estimate","Walnut Creek city, California!!Total!!Margin of Error","Walnut Creek city, California!!Percent!!Estimate","Walnut Creek city, California!!Percent!!Margin of Error","Walnut Creek city, California!!Male!!Estimate","Walnut Creek city, California!!Male!!Margin of Error","Walnut Creek city, California!!Percent Male!!Estimate","Walnut Creek city, California!!Percent Male!!Margin of Error","Walnut Creek city, California!!Female!!Estimate","Walnut Creek city, California!!Female!!Margin of Error","Walnut Creek city, California!!Percent Female!!Estimate","Walnut Creek city, California!!Percent Female!!Margin of Error"
"AGE BY EDUCATIONAL ATTAINMENT","","","","","","","","","","","","","","","","","","","","","","","","","","","","","","","","","","","","","","","","","","","","","","","","","","","","","","","","","","","","","","","","","","","","","","","",""
"    Population 18 to 24 years","9,288","±2,053","(X)","(X)","4,909","±1,367","(X)","(X)","4,379","±1,434","(X)","(X)","8,738","±1,787","(X)","(X)","4,797","±1,238","(X)","(X)","3,941","±1,306","(X)","(X)","8,707","±1,859","(X)","(X)","5,140","±1,246","(X)","(X)","3,567","±1,168","(X)","(X)","8,912","±1,799","(X)","(X)","3,900","±1,046","(X)","(X)","5,012","±1,328","(X)","(X)","4,969","±1,032","(X)","(X)","2,995","±694","(X)","(X)","1,974","±686","(X)","(X)","5,053","±1,366","(X)","(X)","1,793","±645","(X)","(X)","3,260","±1,206","(X)","(X)"
"        Less than high school graduate","1,275","±944","13.7%","±9.5","766","±809","15.6%","±14.3","509","±519","11.6%","±12.1","1,510","±805","17.3%","±8.8","1,166","±797","24.3%","±14.0","344","±305","8.7%","±7.9","1,235","±627","14.2%","±6.0","589","±472","11.5%","±9.0","646","±585","18.1%","±14.6","1,289","±730","14.5%","±7.7","724","±549","18.6%","±12.7","565","±503","11.3%","±9.5","179","±180","3.6%","±3.6","103","±133","3.4%","±4.3","76","±122","3.9%","±6.1","857","±474","17.0%","±8.5","495","±291","27.6%","±15.4","362","±327","11.1%","±9.2"
"        High school graduate (includes equivalency)","3,967","±1,322","42.7%","±10.6","2,057","±712","41.9%","±11.6","1,910","±1,130","43.6%","±18.7","2,817","±967","32.2%","±8.9","1,363","±579","28.4%","±11.4","1,454","±775","36.9%","±16.1","4,026","±1,165","46.2%","±9.5","2,752","±1,037","53.5%","±14.5","1,274","±597","35.7%","±14.1","3,394","±1,142","38.1%","±11.0","1,782","±734","45.7%","±13.3","1,612","±822","32.2%","±15.1","1,628","±575","32.8%","±10.9","877","±442","29.3%","±13.0","751","±369","38.0%","±17.3","1,319","±622","26.1%","±10.1","587","±429","32.7%","±19.0","732","±496","22.5%","±13.5"
"        Some college or associate's degree","3,532","±1,216","38.0%","±10.4","1,918","±817","39.1%","±14.9","1,614","±779","36.9%","±14.8","3,717","±1,249","42.5%","±10.7","2,044","±813","42.6%","±13.9","1,673","±955","42.5%","±18.0","2,926","±1,161","33.6%","±10.9","1,599","±807","31.1%","±13.8","1,327","±679","37.2%","±14.6","3,364","±1,196","37.7%","±10.6","1,120","±531","28.7%","±12.8","2,244","±975","44.8%","±15.7","2,043","±713","41.1%","±11.5","1,270","±573","42.4%","±15.2","773","±392","39.2%","±15.0","1,380","±804","27.3%","±13.2","466","±317","26.0%","±14.3","914","±696","28.0%","±17.1"
"        Bachelor's degree or higher","514","±446","5.5%","±4.9","168","±271","3.4%","±5.7","346","±352","7.9%","±8.2","694","±463","7.9%","±5.2","224","±299","4.7%","±6.1","470","±353","11.9%","±8.7","520","±356","6.0%","±4.4","200","±250","3.9%","±5.1","320","±281","9.0%","±7.9","865","±616","9.7%","±6.5","274","±236","7.0%","±6.2","591","±438","11.8%","±7.9","1,119","±704","22.5%","±12.5","745","±420","24.9%","±14.0","374","±411","18.9%","±17.8","1,497","±741","29.6%","±13.4","245","±188","13.7%","±9.9","1,252","±705","38.4%","±19.6"
"    Population 25 years and over","76,519","±3,374","(X)","(X)","36,936","±2,762","(X)","(X)","39,583","±2,380","(X)","(X)","89,720","±3,409","(X)","(X)","43,298","±2,492","(X)","(X)","46,422","±2,392","(X)","(X)","51,908","±2,088","(X)","(X)","26,781","±1,748","(X)","(X)","25,127","±1,336","(X)","(X)","81,025","±3,340","(X)","(X)","37,418","±2,454","(X)","(X)","43,607","±2,191","(X)","(X)","56,663","±2,072","(X)","(X)","27,711","±1,463","(X)","(X)","28,952","±1,339","(X)","(X)","51,851","±1,882","(X)","(X)","24,728","±1,490","(X)","(X)","27,123","±1,422","(X)","(X)"
"        Less than 9th grade","5,819","±1,510","7.6%","±1.9","3,000","±1,104","8.1%","±3.0","2,819","±996","7.1%","±2.5","5,400","±1,605","6.0%","±1.8","2,974","±1,152","6.9%","±2.6","2,426","±741","5.2%","±1.6","7,241","±1,571","13.9%","±3.1","3,606","±1,100","13.5%","±4.1","3,635","±891","14.5%","±3.4","8,228","±1,583","10.2%","±1.9","3,731","±1,021","10.0%","±2.7","4,497","±1,184","10.3%","±2.7","850","±569","1.5%","±1.0","323","±299","1.2%","±1.1","527","±460","1.8%","±1.6","633","±377","1.2%","±0.7","272","±284","1.1%","±1.1","361","±202","1.3%","±0.7"
"        9th to 12th grade, no diploma","3,588","±1,123","4.7%","±1.5","2,034","±765","5.5%","±2.1","1,554","±722","3.9%","±1.8","4,420","±1,211","4.9%","±1.4","2,266","±730","5.2%","±1.7","2,154","±863","4.6%","±1.9","5,470","±1,644","10.5%","±3.2","3,184","±1,129","11.9%","±4.3","2,286","±864","9.1%","±3.5","5,911","±1,255","7.3%","±1.6","3,068","±1,011","8.2%","±2.6","2,843","±1,046","6.5%","±2.4","1,170","±546","2.1%","±1.0","399","±332","1.4%","±1.2","771","±347","2.7%","±1.2","765","±542","1.5%","±1.0","270","±207","1.1%","±0.8","495","±427","1.8%","±1.6"
"        High school graduate (includes equivalency)","20,395","±2,281","26.7%","±2.7","9,979","±1,915","27.0%","±4.5","10,416","±1,344","26.3%","±3.1","20,152","±2,533","22.5%","±2.6","11,097","±1,816","25.6%","±4.1","9,055","±1,484","19.5%","±2.9","12,839","±2,014","24.7%","±3.7","7,271","±1,562","27.1%","±5.2","5,568","±1,156","22.2%","±4.6","16,570","±2,376","20.5%","±2.8","8,681","±1,625","23.2%","±4.3","7,889","±1,508","18.1%","±3.2","5,009","±1,272","8.8%","±2.1","1,668","±664","6.0%","±2.3","3,341","±1,058","11.5%","±3.5","5,602","±1,247","10.8%","±2.4","2,542","±733","10.3%","±3.0","3,060","±823","11.3%","±3.0"
"        Some college, no degree","18,817","±2,619","24.6%","±3.0","9,871","±2,015","26.7%","±4.7","8,946","±1,449","22.6%","±3.6","19,182","±2,418","21.4%","±2.7","8,771","±1,616","20.3%","±3.5","10,411","±1,688","22.4%","±3.5","10,670","±1,763","20.6%","±3.3","5,073","±1,169","18.9%","±4.1","5,597","±1,100","22.3%","±4.2","16,420","±2,194","20.3%","±2.6","6,999","±1,432","18.7%","±3.7","9,421","±1,312","21.6%","±2.9","5,840","±1,395","10.3%","±2.3","2,878","±947","10.4%","±3.3","2,962","±895","10.2%","±3.0","5,810","±1,291","11.2%","±2.3","3,173","±927","12.8%","±3.5","2,637","±843","9.7%","±2.9"
"        Associate's degree","8,418","±1,531","11.0%","±2.0","3,714","±1,098","10.1%","±3.0","4,704","±1,139","11.9%","±2.7","7,830","±1,720","8.7%","±1.9","2,731","±967","6.3%","±2.2","5,099","±1,385","11.0%","±2.8","4,931","±1,349","9.5%","±2.6","2,892","±845","10.8%","±3.1","2,039","±810","8.1%","±3.2","4,534","±1,219","5.6%","±1.5","1,916","±755","5.1%","±2.0","2,618","±884","6.0%","±2.0","4,573","±1,138","8.1%","±2.0","1,663","±655","6.0%","±2.4","2,910","±794","10.1%","±2.7","2,815","±1,120","5.4%","±2.1","1,503","±933","6.1%","±3.7","1,312","±470","4.8%","±1.7"
"        Bachelor's degree","14,733","±2,002","19.3%","±2.5","6,243","±1,366","16.9%","±3.5","8,490","±1,470","21.4%","±3.3","23,283","±2,924","26.0%","±3.0","10,312","±1,746","23.8%","±3.6","12,971","±1,843","27.9%","±4.0","8,407","±1,714","16.2%","±3.0","4,092","±1,068","15.3%","±3.8","4,315","±1,052","17.2%","±3.9","16,553","±2,409","20.4%","±2.8","7,292","±1,419","19.5%","±3.4","9,261","±1,665","21.2%","±3.7","22,941","±2,476","40.5%","±4.3","12,144","±1,684","43.8%","±5.8","10,797","±1,440","37.3%","±4.9","21,268","±2,331","41.0%","±4.3","9,792","±1,530","39.6%","±5.8","11,476","±1,466","42.3%","±5.0"
"        Graduate or professional degree","4,749","±1,365","6.2%","±1.8","2,095","±683","5.7%","±1.9","2,654","±1,230","6.7%","±3.1","9,453","±1,659","10.5%","±1.8","5,147","±1,021","11.9%","±2.3","4,306","±1,107","9.3%","±2.3","2,350","±903","4.5%","±1.7","663","±458","2.5%","±1.7","1,687","±760","6.7%","±3.0","12,809","±1,940","15.8%","±2.3","5,731","±1,226","15.3%","±3.0","7,078","±1,306","16.2%","±2.9","16,280","±1,895","28.7%","±3.4","8,636","±1,201","31.2%","±4.3","7,644","±1,187","26.4%","±4.0","14,958","±1,695","28.8%","±3.2","7,176","±1,159","29.0%","±4.6","7,782","±1,224","28.7%","±4.4"
"        High school graduate or higher","67,112","±3,485","87.7%","±2.2","31,902","±3,028","86.4%","±3.9","35,210","±2,353","89.0%","±2.4","79,900","±3,905","89.1%","±2.3","38,058","±2,506","87.9%","±3.1","41,842","±2,702","90.1%","±2.6","39,197","±2,979","75.5%","±4.1","19,991","±2,076","74.6%","±5.0","19,206","±1,649","76.4%","±4.9","66,886","±3,656","82.5%","±2.5","30,619","±2,415","81.8%","±3.5","36,267","±2,430","83.2%","±3.3","54,643","±2,039","96.4%","±1.5","26,989","±1,364","97.4%","±1.7","27,654","±1,434","95.5%","±2.1","50,453","±2,012","97.3%","±1.3","24,186","±1,508","97.8%","±1.4","26,267","±1,480","96.8%","±1.8"
"        Bachelor's degree or higher","19,482","±2,162","25.5%","±2.7","8,338","±1,423","22.6%","±3.6","11,144","±1,832","28.2%","±4.2","32,736","±3,633","36.5%","±3.8","15,459","±2,150","35.7%","±4.3","17,277","±2,179","37.2%","±4.5","10,757","±1,957","20.7%","±3.5","4,755","±1,032","17.8%","±3.6","6,002","±1,287","23.9%","±4.7","29,362","±3,101","36.2%","±3.3","13,023","±1,944","34.8%","±4.3","16,339","±1,996","37.5%","±4.2","39,221","±2,298","69.2%","±4.0","20,780","±1,627","75.0%","±5.2","18,441","±1,351","63.7%","±4.4","36,226","±2,194","69.9%","±3.6","16,968","±1,418","68.6%","±4.9","19,258","±1,414","71.0%","±4.2"
"    Population 25 to 34 years","14,737","±2,880","(X)","(X)","6,963","±1,824","(X)","(X)","7,774","±1,901","(X)","(X)","17,614","±2,572","(X)","(X)","8,262","±1,612","(X)","(X)","9,352","±1,447","(X)","(X)","13,517","±2,044","(X)","(X)","7,631","±1,548","(X)","(X)","5,886","±1,316","(X)","(X)","18,460","±2,350","(X)","(X)","8,374","±1,373","(X)","(X)","10,086","±1,697","(X)","(X)","5,833","±1,310","(X)","(X)","2,706","±874","(X)","(X)","3,127","±939","(X)","(X)","8,248","±1,721","(X)","(X)","4,144","±1,078","(X)","(X)","4,104","±1,018","(X)","(X)"
"        High school graduate or higher","13,755","±2,773","93.3%","±4.2","6,232","±1,822","89.5%","±8.2","7,523","±1,860","96.8%","±3.7","16,472","±2,594","93.5%","±3.2","7,966","±1,582","96.4%","±2.7","8,506","±1,558","91.0%","±5.6","12,086","±2,094","89.4%","±5.5","6,841","±1,538","89.6%","±6.6","5,245","±1,302","89.1%","±7.2","15,795","±2,417","85.6%","±6.4","7,400","±1,341","88.4%","±6.3","8,395","±1,727","83.2%","±10.2","5,415","±1,368","92.8%","±8.0","2,706","±874","100.0%","±7.0","2,709","±984","86.6%","±15.1","7,975","±1,675","96.7%","±3.4","4,097","±1,063","98.9%","±1.9","3,878","±999","94.5%","±6.6"
"        Bachelor's degree or higher","3,938","±1,254","26.7%","±6.9","1,569","±864","22.5%","±9.4","2,369","±852","30.5%","±9.9","7,615","±1,817","43.2%","±7.7","2,992","±841","36.2%","±9.0","4,623","±1,298","49.4%","±10.7","2,897","±934","21.4%","±5.3","1,449","±516","19.0%","±6.2","1,448","±663","24.6%","±9.1","6,247","±1,822","33.8%","±8.1","2,934","±1,038","35.0%","±10.4","3,313","±1,096","32.8%","±9.3","3,469","±964","59.5%","±12.8","2,070","±655","76.5%","±15.8","1,399","±599","44.7%","±16.8","6,334","±1,459","76.8%","±7.7","2,922","±846","70.5%","±11.7","3,412","±984","83.1%","±8.8"
"    Population 35 to 44 years","16,513","±2,645","(X)","(X)","7,911","±1,577","(X)","(X)","8,602","±1,666","(X)","(X)","21,685","±2,372","(X)","(X)","11,882","±1,429","(X)","(X)","9,803","±1,474","(X)","(X)","9,423","±1,742","(X)","(X)","4,782","±1,194","(X)","(X)","4,641","±1,009","(X)","(X)","16,606","±2,293","(X)","(X)","8,140","±1,480","(X)","(X)","8,466","±1,297","(X)","(X)","15,383","±1,788","(X)","(X)","7,384","±1,207","(X)","(X)","7,999","±991","(X)","(X)","8,844","±1,589","(X)","(X)","4,206","±960","(X)","(X)","4,638","±976","(X)","(X)"
"        High school graduate or higher","14,059","±2,617","85.1%","±6.1","6,586","±1,513","83.3%","±8.9","7,473","±1,685","86.9%","±6.6","18,814","±2,243","86.8%","±4.0","10,190","±1,393","85.8%","±6.5","8,624","±1,430","88.0%","±4.8","7,101","±1,547","75.4%","±7.9","3,782","±1,094","79.1%","±10.5","3,319","±854","71.5%","±9.9","13,923","±2,015","83.8%","±5.0","6,629","±1,350","81.4%","±8.0","7,294","±1,219","86.2%","±5.6","15,095","±1,771","98.1%","±1.9","7,160","±1,192","97.0%","±3.7","7,935","±998","99.2%","±1.3","8,783","±1,612","99.3%","±1.2","4,206","±960","100.0%","±4.6","4,577","±986","98.7%","±2.2"
"        Bachelor's degree or higher","4,146","±1,212","25.1%","±5.9","1,309","±608","16.5%","±7.7","2,837","±1,129","33.0%","±11.0","8,309","±1,960","38.3%","±8.6","4,640","±1,129","39.1%","±8.8","3,669","±1,092","37.4%","±10.6","2,317","±1,055","24.6%","±9.8","899","±489","18.8%","±9.9","1,418","±680","30.6%","±11.9","7,688","±1,570","46.3%","±6.3","3,477","±923","42.7%","±9.4","4,211","±959","49.7%","±7.7","12,788","±1,789","83.1%","±7.1","5,887","±1,244","79.7%","±9.8","6,901","±975","86.3%","±6.9","6,612","±1,411","74.8%","±10.7","3,220","±829","76.6%","±11.0","3,392","±865","73.1%","±12.4"
"    Population 45 to 64 years","29,989","±3,148","(X)","(X)","14,885","±1,955","(X)","(X)","15,104","±1,783","(X)","(X)","29,756","±2,926","(X)","(X)","13,586","±1,753","(X)","(X)","16,170","±1,877","(X)","(X)","19,788","±2,433","(X)","(X)","10,289","±1,500","(X)","(X)","9,499","±1,289","(X)","(X)","27,868","±2,861","(X)","(X)","13,403","±1,742","(X)","(X)","14,465","±1,663","(X)","(X)","24,661","±2,101","(X)","(X)","13,260","±1,438","(X)","(X)","11,401","±1,291","(X)","(X)","16,272","±1,781","(X)","(X)","8,603","±1,273","(X)","(X)","7,669","±1,049","(X)","(X)"
"        High school graduate or higher","25,753","±3,182","85.9%","±4.4","12,277","±1,918","82.5%","±6.5","13,476","±1,824","89.2%","±4.5","26,257","±2,913","88.2%","±3.9","11,486","±1,764","84.5%","±5.9","14,771","±1,915","91.3%","±4.1","13,477","±2,494","68.1%","±8.1","6,425","±1,395","62.4%","±9.6","7,052","±1,407","74.2%","±9.2","20,940","±2,321","75.1%","±5.2","9,845","±1,520","73.5%","±7.4","11,095","±1,363","76.7%","±5.2","23,929","±2,139","97.0%","±1.9","12,762","±1,463","96.2%","±2.7","11,167","±1,278","97.9%","±2.0","15,746","±1,860","96.8%","±2.4","8,465","±1,312","98.4%","±1.9","7,281","±1,083","94.9%","±4.2"
"        Bachelor's degree or higher","7,189","±1,493","24.0%","±4.7","3,080","±945","20.7%","±6.5","4,109","±1,059","27.2%","±6.5","10,929","±1,864","36.7%","±4.9","4,827","±1,002","35.5%","±5.7","6,102","±1,206","37.7%","±6.6","3,310","±1,033","16.7%","±5.1","1,456","±532","14.2%","±5.2","1,854","±671","19.5%","±6.7","8,432","±1,593","30.3%","±5.2","3,799","±1,093","28.3%","±7.1","4,633","±1,045","32.0%","±6.4","17,472","±1,755","70.8%","±5.6","10,055","±1,187","75.8%","±6.3","7,417","±1,043","65.1%","±7.2","11,704","±1,675","71.9%","±7.2","5,870","±1,026","68.2%","±9.8","5,834","±1,005","76.1%","±8.0"
"    Population 65 years and over","15,280","±2,789","(X)","(X)","7,177","±1,451","(X)","(X)","8,103","±1,698","(X)","(X)","20,665","±2,694","(X)","(X)","9,568","±1,394","(X)","(X)","11,097","±1,738","(X)","(X)","9,180","±1,461","(X)","(X)","4,079","±939","(X)","(X)","5,101","±986","(X)","(X)","18,091","±2,429","(X)","(X)","7,501","±1,442","(X)","(X)","10,590","±1,554","(X)","(X)","10,786","±1,883","(X)","(X)","4,361","±1,050","(X)","(X)","6,425","±1,135","(X)","(X)","18,487","±2,108","(X)","(X)","7,775","±1,142","(X)","(X)","10,712","±1,353","(X)","(X)"
"        High school graduate or higher","13,545","±2,492","88.6%","±5.0","6,807","±1,354","94.8%","±3.4","6,738","±1,523","83.2%","±9.0","18,357","±2,468","88.8%","±4.3","8,416","±1,258","88.0%","±5.7","9,941","±1,626","89.6%","±4.9","6,533","±1,294","71.2%","±9.3","2,943","±758","72.2%","±11.0","3,590","±872","70.4%","±10.9","16,228","±2,323","89.7%","±4.0","6,745","±1,409","89.9%","±5.4","9,483","±1,503","89.5%","±4.8","10,204","±1,873","94.6%","±2.4","4,361","±1,050","100.0%","±4.4","5,843","±1,135","90.9%","±4.1","17,949","±2,060","97.1%","±1.9","7,418","±1,119","95.4%","±3.9","10,531","±1,315","98.3%","±1.6"
"        Bachelor's degree or higher","4,209","±1,174","27.5%","±6.6","2,380","±718","33.2%","±8.9","1,829","±632","22.6%","±7.0","5,883","±1,231","28.5%","±5.3","3,000","±827","31.4%","±7.8","2,883","±772","26.0%","±6.1","2,233","±721","24.3%","±6.9","951","±446","23.3%","±8.8","1,282","±534","25.1%","±9.5","6,995","±1,524","38.7%","±6.4","2,813","±748","37.5%","±7.7","4,182","±1,098","39.5%","±8.3","5,492","±1,291","50.9%","±8.1","2,768","±775","63.5%","±10.9","2,724","±790","42.4%","±9.5","11,576","±1,644","62.6%","±6.6","4,956","±880","63.7%","±9.2","6,620","±1,132","61.8%","±7.3"
"RACE AND HISPANIC OR LATINO ORIGIN BY EDUCATIONAL ATTAINMENT","","","","","","","","","","","","","","","","","","","","","","","","","","","","","","","","","","","","","","","","","","","","","","","","","","","","","","","","","","","","","","","","","","","","","","","",""
"    White alone","24,174","±3,393","(X)","(X)","12,439","±2,191","(X)","(X)","11,735","±1,835","(X)","(X)","45,265","±3,909","(X)","(X)","21,104","±2,463","(X)","(X)","24,161","±2,326","(X)","(X)","10,620","±1,996","(X)","(X)","6,010","±1,224","(X)","(X)","4,610","±1,076","(X)","(X)","21,721","±2,821","(X)","(X)","10,628","±1,674","(X)","(X)","11,093","±1,617","(X)","(X)","22,143","±2,445","(X)","(X)","10,915","±1,414","(X)","(X)","11,228","±1,539","(X)","(X)","36,677","±2,503","(X)","(X)","18,664","±1,556","(X)","(X)","18,013","±1,701","(X)","(X)"
"        High school graduate or higher","22,996","±3,290","95.1%","±2.3","11,953","±2,194","96.1%","±2.7","11,043","±1,788","94.1%","±3.8","42,572","±3,480","94.1%","±2.7","19,386","±2,080","91.9%","±4.1","23,186","±2,296","96.0%","±2.4","9,730","±1,829","91.6%","±3.7","5,609","±1,112","93.3%","±4.4","4,121","±1,010","89.4%","±6.6","20,544","±2,558","94.6%","±3.1","10,005","±1,509","94.1%","±3.9","10,539","±1,475","95.0%","±3.7","21,691","±2,419","98.0%","±1.4","10,650","±1,408","97.6%","±2.4","11,041","±1,507","98.3%","±1.6","35,951","±2,508","98.0%","±1.4","18,416","±1,557","98.7%","±1.4","17,535","±1,664","97.3%","±2.2"
"        Bachelor's degree or higher","5,994","±1,475","24.8%","±4.6","2,759","±906","22.2%","±5.7","3,235","±1,098","27.6%","±7.8","17,066","±2,229","37.7%","±4.9","7,401","±1,240","35.1%","±6.0","9,665","±1,600","40.0%","±6.2","2,203","±850","20.7%","±7.5","1,033","±387","17.2%","±6.9","1,170","±623","25.4%","±10.9","13,017","±2,070","59.9%","±7.8","6,275","±1,191","59.0%","±9.7","6,742","±1,166","60.8%","±7.6","12,721","±1,913","57.4%","±6.5","7,271","±1,318","66.6%","±8.1","5,450","±1,163","48.5%","±8.8","25,921","±2,373","70.7%","±4.3","12,864","±1,414","68.9%","±5.6","13,057","±1,466","72.5%","±5.0"
"    White alone, not Hispanic or Latino","21,875","±3,216","(X)","(X)","11,415","±2,158","(X)","(X)","10,460","±1,716","(X)","(X)","42,118","±3,705","(X)","(X)","19,646","±2,244","(X)","(X)","22,472","±2,312","(X)","(X)","9,020","±1,814","(X)","(X)","4,820","±1,031","(X)","(X)","4,200","±1,051","(X)","(X)","20,290","±2,764","(X)","(X)","9,991","±1,637","(X)","(X)","10,299","±1,567","(X)","(X)","21,520","±2,362","(X)","(X)","10,875","±1,411","(X)","(X)","10,645","±1,487","(X)","(X)","35,938","±2,456","(X)","(X)","18,307","±1,504","(X)","(X)","17,631","±1,671","(X)","(X)"
"        High school graduate or higher","20,810","±3,080","95.1%","±2.3","10,929","±2,153","95.7%","±2.9","9,881","±1,637","94.5%","±4.0","40,264","±3,398","95.6%","±2.4","18,313","±1,959","93.2%","±4.2","21,951","±2,272","97.7%","±1.6","8,622","±1,715","95.6%","±3.4","4,724","±1,028","98.0%","±2.8","3,898","±966","92.8%","±5.9","19,571","±2,524","96.5%","±2.8","9,669","±1,520","96.8%","±3.3","9,902","±1,415","96.1%","±3.7","21,068","±2,341","97.9%","±1.5","10,610","±1,405","97.6%","±2.4","10,458","±1,462","98.2%","±1.7","35,422","±2,475","98.6%","±1.1","18,059","±1,506","98.6%","±1.4","17,363","±1,669","98.5%","±1.4"
"        Bachelor's degree or higher","5,323","±1,326","24.3%","±4.7","2,513","±918","22.0%","±6.4","2,810","±937","26.9%","±7.8","16,311","±2,203","38.7%","±5.1","7,118","±1,245","36.2%","±6.3","9,193","±1,568","40.9%","±6.5","2,203","±850","24.4%","±8.2","1,033","±387","21.4%","±8.1","1,170","±623","27.9%","±11.4","12,531","±2,055","61.8%","±8.3","5,939","±1,213","59.4%","±10.4","6,592","±1,134","64.0%","±7.8","12,513","±1,892","58.1%","±6.9","7,271","±1,318","66.9%","±8.1","5,242","±1,148","49.2%","±9.5","25,474","±2,340","70.9%","±4.3","12,589","±1,375","68.8%","±5.7","12,885","±1,467","73.1%","±4.9"
"    Black alone","13,904","±2,718","(X)","(X)","5,633","±1,396","(X)","(X)","8,271","±1,940","(X)","(X)","4,571","±1,766","(X)","(X)","2,278","±949","(X)","(X)","2,293","±1,261","(X)","(X)","6,632","±2,021","(X)","(X)","3,485","±1,082","(X)","(X)","3,147","±1,176","(X)","(X)","17,398","±2,981","(X)","(X)","6,483","±1,485","(X)","(X)","10,915","±2,061","(X)","(X)","N","N","(X)","(X)","N","N","(X)","(X)","N","N","(X)","(X)","N","N","(X)","(X)","N","N","(X)","(X)","N","N","(X)","(X)"
"        High school graduate or higher","13,233","±2,585","95.2%","±3.5","5,407","±1,358","96.0%","±3.8","7,826","±1,874","94.6%","±5.2","4,453","±1,714","97.4%","±4.1","2,278","±949","100.0%","±8.3","2,175","±1,196","94.9%","±8.1","6,022","±1,934","90.8%","±6.4","2,951","±998","84.7%","±10.2","3,071","±1,197","97.6%","±4.3","15,631","±2,815","89.8%","±4.6","5,843","±1,345","90.1%","±5.6","9,788","±2,017","89.7%","±5.8","N","N","N","N","N","N","N","N","N","N","N","N","N","N","N","N","N","N","N","N","N","N","N","N"
"        Bachelor's degree or higher","3,846","±1,397","27.7%","±8.0","1,201","±667","21.3%","±10.7","2,645","±1,120","32.0%","±10.5","1,616","±1,108","35.4%","±17.6","869","±627","38.1%","±24.0","747","±636","32.6%","±17.8","913","±500","13.8%","±7.0","456","±344","13.1%","±10.2","457","±357","14.5%","±9.4","4,600","±1,616","26.4%","±7.4","1,657","±858","25.6%","±11.0","2,943","±1,149","27.0%","±8.9","N","N","N","N","N","N","N","N","N","N","N","N","N","N","N","N","N","N","N","N","N","N","N","N"
"    American Indian or Alaska Native alone","N","N","(X)","(X)","N","N","(X)","(X)","N","N","(X)","(X)","N","N","(X)","(X)","N","N","(X)","(X)","N","N","(X)","(X)","N","N","(X)","(X)","N","N","(X)","(X)","N","N","(X)","(X)","N","N","(X)","(X)","N","N","(X)","(X)","N","N","(X)","(X)","N","N","(X)","(X)","N","N","(X)","(X)","N","N","(X)","(X)","N","N","(X)","(X)","N","N","(X)","(X)","N","N","(X)","(X)"
"        High school graduate or higher","N","N","N","N","N","N","N","N","N","N","N","N","N","N","N","N","N","N","N","N","N","N","N","N","N","N","N","N","N","N","N","N","N","N","N","N","N","N","N","N","N","N","N","N","N","N","N","N","N","N","N","N","N","N","N","N","N","N","N","N","N","N","N","N","N","N","N","N","N","N","N","N"
"        Bachelor's degree or higher","N","N","N","N","N","N","N","N","N","N","N","N","N","N","N","N","N","N","N","N","N","N","N","N","N","N","N","N","N","N","N","N","N","N","N","N","N","N","N","N","N","N","N","N","N","N","N","N","N","N","N","N","N","N","N","N","N","N","N","N","N","N","N","N","N","N","N","N","N","N","N","N"
"    Asian alone","11,551","±2,711","(X)","(X)","5,826","±1,443","(X)","(X)","5,725","±1,559","(X)","(X)","14,678","±2,309","(X)","(X)","6,984","±1,447","(X)","(X)","7,694","±1,401","(X)","(X)","11,374","±2,377","(X)","(X)","5,677","±1,364","(X)","(X)","5,697","±1,285","(X)","(X)","12,207","±2,345","(X)","(X)","5,491","±1,306","(X)","(X)","6,716","±1,389","(X)","(X)","27,227","±2,207","(X)","(X)","12,817","±1,235","(X)","(X)","14,410","±1,305","(X)","(X)","8,426","±1,555","(X)","(X)","3,112","±611","(X)","(X)","5,314","±1,187","(X)","(X)"
"        High school graduate or higher","9,892","±2,312","85.6%","±7.0","4,849","±1,215","83.2%","±10.1","5,043","±1,468","88.1%","±6.6","13,487","±2,188","91.9%","±4.5","6,358","±1,363","91.0%","±6.3","7,129","±1,407","92.7%","±5.8","9,763","±2,108","85.8%","±5.9","4,986","±1,166","87.8%","±7.0","4,777","±1,226","83.9%","±7.5","10,219","±2,042","83.7%","±6.2","4,401","±1,136","80.1%","±9.5","5,818","±1,226","86.6%","±6.5","26,053","±2,135","95.7%","±2.1","12,684","±1,231","99.0%","±1.2","13,369","±1,285","92.8%","±3.8","8,128","±1,561","96.5%","±2.8","3,054","±610","98.1%","±3.1","5,074","±1,199","95.5%","±3.3"
"        Bachelor's degree or higher","5,264","±1,647","45.6%","±9.5","2,459","±908","42.2%","±12.0","2,805","±901","49.0%","±11.5","7,956","±1,740","54.2%","±8.9","3,951","±933","56.6%","±9.9","4,005","±1,148","52.1%","±10.7","5,110","±1,288","44.9%","±7.5","2,403","±760","42.3%","±10.1","2,707","±811","47.5%","±9.3","6,001","±1,556","49.2%","±9.4","2,538","±821","46.2%","±11.6","3,463","±1,048","51.6%","±11.7","22,953","±2,035","84.3%","±3.4","11,625","±1,205","90.7%","±4.0","11,328","±1,200","78.6%","±5.1","6,512","±1,388","77.3%","±6.8","2,494","±660","80.1%","±11.9","4,018","±953","75.6%","±8.5"
"    Native Hawaiian and Other Pacific Islander alone","N","N","(X)","(X)","N","N","(X)","(X)","N","N","(X)","(X)","N","N","(X)","(X)","N","N","(X)","(X)","N","N","(X)","(X)","N","N","(X)","(X)","N","N","(X)","(X)","N","N","(X)","(X)","N","N","(X)","(X)","N","N","(X)","(X)","N","N","(X)","(X)","N","N","(X)","(X)","N","N","(X)","(X)","N","N","(X)","(X)","N","N","(X)","(X)","N","N","(X)","(X)","N","N","(X)","(X)"
"        High school graduate or higher","N","N","N","N","N","N","N","N","N","N","N","N","N","N","N","N","N","N","N","N","N","N","N","N","N","N","N","N","N","N","N","N","N","N","N","N","N","N","N","N","N","N","N","N","N","N","N","N","N","N","N","N","N","N","N","N","N","N","N","N","N","N","N","N","N","N","N","N","N","N","N","N"
"        Bachelor's degree or higher","N","N","N","N","N","N","N","N","N","N","N","N","N","N","N","N","N","N","N","N","N","N","N","N","N","N","N","N","N","N","N","N","N","N","N","N","N","N","N","N","N","N","N","N","N","N","N","N","N","N","N","N","N","N","N","N","N","N","N","N","N","N","N","N","N","N","N","N","N","N","N","N"
"    Some other race alone","13,338","±2,417","(X)","(X)","6,893","±1,446","(X)","(X)","6,445","±1,303","(X)","(X)","10,996","±2,677","(X)","(X)","5,367","±1,495","(X)","(X)","5,629","±1,688","(X)","(X)","13,621","±3,066","(X)","(X)","6,863","±1,758","(X)","(X)","6,758","±1,689","(X)","(X)","18,735","±3,464","(X)","(X)","9,559","±2,037","(X)","(X)","9,176","±1,973","(X)","(X)","N","N","(X)","(X)","N","N","(X)","(X)","N","N","(X)","(X)","N","N","(X)","(X)","N","N","(X)","(X)","N","N","(X)","(X)"
"        High school graduate or higher","9,026","±2,392","67.7%","±10.1","4,115","±1,600","59.7%","±16.0","4,911","±1,237","76.2%","±10.0","8,237","±2,283","74.9%","±9.5","4,076","±1,348","75.9%","±11.3","4,161","±1,429","73.9%","±11.3","8,170","±2,392","60.0%","±9.7","4,094","±1,497","59.7%","±11.9","4,076","±1,263","60.3%","±11.4","12,041","±2,531","64.3%","±6.4","6,554","±1,760","68.6%","±9.1","5,487","±1,523","59.8%","±11.6","N","N","N","N","N","N","N","N","N","N","N","N","N","N","N","N","N","N","N","N","N","N","N","N"
"        Bachelor's degree or higher","1,262","±597","9.5%","±4.0","707","±471","10.3%","±6.2","555","±310","8.6%","±4.5","2,758","±1,112","25.1%","±9.0","1,210","±614","22.5%","±11.1","1,548","±849","27.5%","±13.7","1,394","±989","10.2%","±6.4","609","±448","8.9%","±5.9","785","±628","11.6%","±8.2","2,028","±1,166","10.8%","±5.6","1,148","±838","12.0%","±7.8","880","±550","9.6%","±5.8","N","N","N","N","N","N","N","N","N","N","N","N","N","N","N","N","N","N","N","N","N","N","N","N"
"    Two or more races","10,617","±2,641","(X)","(X)","5,225","±1,209","(X)","(X)","5,392","±1,907","(X)","(X)","12,875","±2,556","(X)","(X)","6,652","±1,476","(X)","(X)","6,223","±1,357","(X)","(X)","8,689","±2,331","(X)","(X)","4,020","±1,529","(X)","(X)","4,669","±1,165","(X)","(X)","9,317","±2,161","(X)","(X)","4,405","±1,180","(X)","(X)","4,912","±1,367","(X)","(X)","3,803","±1,131","(X)","(X)","2,153","±722","(X)","(X)","1,650","±668","(X)","(X)","4,469","±1,074","(X)","(X)","1,987","±783","(X)","(X)","2,482","±739","(X)","(X)"
"        High school graduate or higher","9,463","±2,193","89.1%","±6.8","4,658","±1,196","89.1%","±8.4","4,805","±1,459","89.1%","±8.8","10,320","±2,119","80.2%","±5.9","5,264","±1,234","79.1%","±9.7","5,056","±1,231","81.2%","±6.8","4,820","±1,433","55.5%","±10.1","1,837","±941","45.7%","±14.9","2,983","±940","63.9%","±12.7","7,122","±1,861","76.4%","±9.6","3,171","±1,037","72.0%","±13.5","3,951","±1,231","80.4%","±10.3","3,564","±1,117","93.7%","±7.6","1,984","±699","92.2%","±9.1","1,580","±661","95.8%","±6.5","4,352","±1,054","97.4%","±3.2","1,870","±770","94.1%","±7.3","2,482","±739","100.0%","±7.6"
"        Bachelor's degree or higher","2,791","±1,135","26.3%","±7.2","1,098","±534","21.0%","±10.2","1,693","±885","31.4%","±10.7","3,255","±875","25.3%","±6.2","1,943","±641","29.2%","±8.9","1,312","±470","21.1%","±6.5","1,050","±603","12.1%","±7.3","199","±235","5.0%","±6.2","851","±522","18.2%","±10.8","3,300","±1,030","35.4%","±9.2","1,311","±602","29.8%","±11.9","1,989","±728","40.5%","±10.9","2,334","±899","61.4%","±12.7","1,470","±650","68.3%","±16.7","864","±439","52.4%","±20.0","2,946","±898","65.9%","±11.2","1,306","±622","65.7%","±16.4","1,640","±683","66.1%","±15.1"
"    Hispanic or Latino Origin","23,523","±2,936","(X)","(X)","11,965","±1,775","(X)","(X)","11,558","±1,799","(X)","(X)","25,049","±3,318","(X)","(X)","12,782","±1,864","(X)","(X)","12,267","±2,045","(X)","(X)","22,050","±2,652","(X)","(X)","11,401","±1,660","(X)","(X)","10,649","±1,521","(X)","(X)","27,516","±3,110","(X)","(X)","13,720","±1,909","(X)","(X)","13,796","±1,737","(X)","(X)","4,155","±1,286","(X)","(X)","1,964","±902","(X)","(X)","2,191","±836","(X)","(X)","3,649","±959","(X)","(X)","1,517","±588","(X)","(X)","2,132","±686","(X)","(X)"
"        High school graduate or higher","18,124","±3,090","77.0%","±6.8","8,705","±2,071","72.8%","±10.4","9,419","±1,496","81.5%","±6.2","18,790","±2,768","75.0%","±5.6","9,657","±1,624","75.6%","±7.6","9,133","±1,772","74.5%","±6.9","12,400","±2,201","56.2%","±6.8","6,168","±1,464","54.1%","±9.1","6,232","±1,289","58.5%","±8.8","17,907","±2,653","65.1%","±5.6","9,069","±1,820","66.1%","±7.7","8,838","±1,562","64.1%","±8.2","3,835","±1,221","92.3%","±8.4","1,714","±770","87.3%","±13.2","2,121","±827","96.8%","±4.9","3,379","±1,020","92.6%","±10.0","1,457","±599","96.0%","±7.0","1,922","±664","90.2%","±13.5"
"        Bachelor's degree or higher","4,130","±1,214","17.6%","±4.1","1,845","±743","15.4%","±5.5","2,285","±905","19.8%","±6.2","5,632","±1,220","22.5%","±4.6","2,702","±754","21.1%","±6.0","2,930","±903","23.9%","±6.7","1,475","±788","6.7%","±3.4","340","±337","3.0%","±2.8","1,135","±612","10.7%","±5.5","4,525","±1,564","16.4%","±5.2","2,172","±990","15.8%","±6.7","2,353","±860","17.1%","±5.9","2,113","±997","50.9%","±15.7","916","±552","46.6%","±18.6","1,197","±645","54.6%","±21.6","1,746","±727","47.8%","±14.1","713","±427","47.0%","±20.0","1,033","±471","48.5%","±18.7"
"POVERTY RATE FOR THE POPULATION 25 YEARS AND OVER FOR WHOM POVERTY STATUS IS DETERMINED BY EDUCATIONAL ATTAINMENT LEVEL","","","","","","","","","","","","","","","","","","","","","","","","","","","","","","","","","","","","","","","","","","","","","","","","","","","","","","","","","","","","","","","","","","","","","","","",""
"    Less than high school graduate","(X)","(X)","13.7%","±7.0","(X)","(X)","13.0%","±8.1","(X)","(X)","14.5%","±10.8","(X)","(X)","19.4%","±8.7","(X)","(X)","13.4%","±11.6","(X)","(X)","26.4%","±12.0","(X)","(X)","10.4%","±4.5","(X)","(X)","7.2%","±5.0","(X)","(X)","13.9%","±7.4","(X)","(X)","21.0%","±7.7","(X)","(X)","16.3%","±8.4","(X)","(X)","25.3%","±10.1","(X)","(X)","10.9%","±12.7","(X)","(X)","13.2%","±21.3","(X)","(X)","9.7%","±10.8","(X)","(X)","24.1%","±19.3","(X)","(X)","43.4%","±32.7","(X)","(X)","14.7%","±17.5"
"    High school graduate (includes equivalency)","(X)","(X)","15.0%","±5.6","(X)","(X)","17.1%","±7.7","(X)","(X)","13.1%","±7.2","(X)","(X)","5.8%","±3.3","(X)","(X)","7.4%","±5.1","(X)","(X)","3.8%","±3.0","(X)","(X)","12.6%","±5.9","(X)","(X)","12.0%","±7.7","(X)","(X)","13.4%","±7.5","(X)","(X)","12.7%","±5.5","(X)","(X)","13.6%","±7.9","(X)","(X)","11.7%","±6.0","(X)","(X)","4.8%","±4.2","(X)","(X)","2.9%","±4.2","(X)","(X)","5.8%","±6.3","(X)","(X)","15.5%","±12.7","(X)","(X)","19.9%","±16.7","(X)","(X)","11.7%","±10.7"
"    Some college or associate's degree","(X)","(X)","11.7%","±4.9","(X)","(X)","8.0%","±4.9","(X)","(X)","15.5%","±7.0","(X)","(X)","6.1%","±2.8","(X)","(X)","4.7%","±3.4","(X)","(X)","7.1%","±4.1","(X)","(X)","8.3%","±3.9","(X)","(X)","5.7%","±3.6","(X)","(X)","11.1%","±7.1","(X)","(X)","6.4%","±2.8","(X)","(X)","2.8%","±2.6","(X)","(X)","9.0%","±4.4","(X)","(X)","6.2%","±5.5","(X)","(X)","1.1%","±2.0","(X)","(X)","10.2%","±9.2","(X)","(X)","11.6%","±6.6","(X)","(X)","10.4%","±11.5","(X)","(X)","13.0%","±6.5"
"    Bachelor's degree or higher","(X)","(X)","4.7%","±3.1","(X)","(X)","0.6%","±1.0","(X)","(X)","7.8%","±5.0","(X)","(X)","6.8%","±3.8","(X)","(X)","7.4%","±4.8","(X)","(X)","6.3%","±3.4","(X)","(X)","6.4%","±6.7","(X)","(X)","5.8%","±7.2","(X)","(X)","6.8%","±6.7","(X)","(X)","3.2%","±1.9","(X)","(X)","0.9%","±1.1","(X)","(X)","5.0%","±3.2","(X)","(X)","2.1%","±1.3","(X)","(X)","1.3%","±1.1","(X)","(X)","2.9%","±2.0","(X)","(X)","4.2%","±2.5","(X)","(X)","4.4%","±4.2","(X)","(X)","4.0%","±2.5"
"MEDIAN EARNINGS IN THE PAST 12 MONTHS (IN 2021 INFLATION-ADJUSTED DOLLARS)","","","","","","","","","","","","","","","","","","","","","","","","","","","","","","","","","","","","","","","","","","","","","","","","","","","","","","","","","","","","","","","","","","","","","","","",""
"    Population 25 years and over with earnings","50,295","±7,605","(X)","(X)","55,584","±7,409","(X)","(X)","45,561","±6,279","(X)","(X)","58,268","±3,633","(X)","(X)","62,721","±5,647","(X)","(X)","53,356","±5,625","(X)","(X)","41,927","±2,596","(X)","(X)","45,507","±5,903","(X)","(X)","40,115","±7,460","(X)","(X)","50,653","±3,770","(X)","(X)","57,135","±10,529","(X)","(X)","44,128","±6,779","(X)","(X)","101,885","±7,747","(X)","(X)","135,583","±30,917","(X)","(X)","64,276","±10,063","(X)","(X)","70,830","±5,479","(X)","(X)","89,848","±23,259","(X)","(X)","61,718","±6,847","(X)","(X)"
"        Less than high school graduate","35,298","±8,373","(X)","(X)","40,582","±9,194","(X)","(X)","23,005","±26,920","(X)","(X)","30,781","±4,695","(X)","(X)","35,024","±11,987","(X)","(X)","23,860","±2,975","(X)","(X)","30,179","±6,250","(X)","(X)","35,990","±5,909","(X)","(X)","21,127","±3,657","(X)","(X)","31,883","±5,218","(X)","(X)","38,862","±8,567","(X)","(X)","24,314","±7,943","(X)","(X)","23,851","±1,089","(X)","(X)","24,144","±64,832","(X)","(X)","23,607","±10,514","(X)","(X)","23,714","±10,740","(X)","(X)","34,229","±209,754","(X)","(X)","23,125","±12,440","(X)","(X)"
"        High school graduate (includes equivalency)","40,873","±11,463","(X)","(X)","46,984","±8,957","(X)","(X)","30,140","±11,824","(X)","(X)","47,740","±9,361","(X)","(X)","50,398","±14,128","(X)","(X)","32,110","±27,447","(X)","(X)","44,455","±4,292","(X)","(X)","51,143","±3,793","(X)","(X)","40,195","±13,973","(X)","(X)","36,045","±8,233","(X)","(X)","37,742","±8,656","(X)","(X)","31,480","±14,241","(X)","(X)","56,326","±24,898","(X)","(X)","76,022","±9,003","(X)","(X)","41,659","±30,486","(X)","(X)","49,600","±19,491","(X)","(X)","73,288","±54,685","(X)","(X)","48,651","±17,161","(X)","(X)"
"        Some college or associate's degree","52,393","±12,211","(X)","(X)","64,608","±12,925","(X)","(X)","45,125","±10,323","(X)","(X)","54,137","±6,304","(X)","(X)","56,739","±7,807","(X)","(X)","51,744","±7,325","(X)","(X)","47,640","±12,335","(X)","(X)","41,640","±7,875","(X)","(X)","49,987","±7,885","(X)","(X)","42,831","±7,128","(X)","(X)","52,090","±11,620","(X)","(X)","39,089","±5,102","(X)","(X)","58,340","±14,633","(X)","(X)","121,208","±50,468","(X)","(X)","50,479","±22,964","(X)","(X)","60,143","±20,911","(X)","(X)","62,242","±15,479","(X)","(X)","21,780","±48,512","(X)","(X)"
"        Bachelor's degree","70,804","±5,412","(X)","(X)","71,010","±25,667","(X)","(X)","70,784","±6,316","(X)","(X)","75,384","±9,949","(X)","(X)","83,086","±14,956","(X)","(X)","62,127","±17,167","(X)","(X)","62,376","±4,564","(X)","(X)","57,008","±21,018","(X)","(X)","63,929","±3,548","(X)","(X)","76,428","±24,360","(X)","(X)","101,358","±10,788","(X)","(X)","68,087","±7,641","(X)","(X)","121,625","±15,810","(X)","(X)","146,207","±29,688","(X)","(X)","87,576","±29,398","(X)","(X)","69,841","±7,885","(X)","(X)","91,751","±24,996","(X)","(X)","65,142","±10,723","(X)","(X)"
"        Graduate or professional degree","79,861","±26,367","(X)","(X)","95,950","±23,060","(X)","(X)","62,659","±40,375","(X)","(X)","90,577","±18,569","(X)","(X)","113,458","±19,806","(X)","(X)","70,593","±13,715","(X)","(X)","87,824","±33,644","(X)","(X)","88,772","±28,034","(X)","(X)","85,484","±57,151","(X)","(X)","80,109","±15,322","(X)","(X)","85,695","±10,029","(X)","(X)","73,356","±8,725","(X)","(X)","123,676","±16,997","(X)","(X)","166,852","±43,938","(X)","(X)","85,929","±21,931","(X)","(X)","107,165","±27,778","(X)","(X)","133,665","±41,792","(X)","(X)","83,780","±14,033","(X)","(X)"