"Label (Grouping)","Alameda city, California!!Total!!Estimate","Alameda city, California!!Total!!Margin of Error","Alameda city, California!!Percent!!Estimate","Alameda city, California!!Percent!!Margin of Error","Alameda city, California!!Male!!Estimate","Alameda city, California!!Male!!Margin of Error","Alameda city, California!!Percent Male!!Estimate","Alameda city, California!!Percent Male!!Margin of Error","Alameda city, California!!Female!!Estimate","Alameda city, California!!Female!!Margin of Error","Alameda city, California!!Percent Female!!Estimate","Alameda city, California!!Percent Female!!Margin of Error","Berkeley city, California!!Total!!Estimate","Berkeley city, California!!Total!!Margin of Error","Berkeley city, California!!Percent!!Estimate","Berkeley city, California!!Percent!!Margin of Error","Berkeley city, California!!Male!!Estimate","Berkeley city, California!!Male!!Margin of Error","Berkeley city, California!!Percent Male!!Estimate","Berkeley city, California!!Percent Male!!Margin of Error","Berkeley city, California!!Female!!Estimate","Berkeley city, California!!Female!!Margin of Error","Berkeley city, California!!Percent Female!!Estimate","Berkeley city, California!!Percent Female!!Margin of Error","Dublin city, California!!Total!!Estimate","Dublin city, California!!Total!!Margin of Error","Dublin city, California!!Percent!!Estimate","Dublin city, California!!Percent!!Margin of Error","Dublin city, California!!Male!!Estimate","Dublin city, California!!Male!!Margin of Error","Dublin city, California!!Percent Male!!Estimate","Dublin city, California!!Percent Male!!Margin of Error","Dublin city, California!!Female!!Estimate","Dublin city, California!!Female!!Margin of Error","Dublin city, California!!Percent Female!!Estimate","Dublin city, California!!Percent Female!!Margin of Error","Fremont city, California!!Total!!Estimate","Fremont city, California!!Total!!Margin of Error","Fremont city, California!!Percent!!Estimate","Fremont city, California!!Percent!!Margin of Error","Fremont city, California!!Male!!Estimate","Fremont city, California!!Male!!Margin of Error","Fremont city, California!!Percent Male!!Estimate","Fremont city, California!!Percent Male!!Margin of Error","Fremont city, California!!Female!!Estimate","Fremont city, California!!Female!!Margin of Error","Fremont city, California!!Percent Female!!Estimate","Fremont city, California!!Percent Female!!Margin of Error","Hayward city, California!!Total!!Estimate","Hayward city, California!!Total!!Margin of Error","Hayward city, California!!Percent!!Estimate","Hayward city, California!!Percent!!Margin of Error","Hayward city, California!!Male!!Estimate","Hayward city, California!!Male!!Margin of Error","Hayward city, California!!Percent Male!!Estimate","Hayward city, California!!Percent Male!!Margin of Error","Hayward city, California!!Female!!Estimate","Hayward city, California!!Female!!Margin of Error","Hayward city, California!!Percent Female!!Estimate","Hayward city, California!!Percent Female!!Margin of Error","Livermore city, California!!Total!!Estimate","Livermore city, California!!Total!!Margin of Error","Livermore city, California!!Percent!!Estimate","Livermore city, California!!Percent!!Margin of Error","Livermore city, California!!Male!!Estimate","Livermore city, California!!Male!!Margin of Error","Livermore city, California!!Percent Male!!Estimate","Livermore city, California!!Percent Male!!Margin of Error","Livermore city, California!!Female!!Estimate","Livermore city, California!!Female!!Margin of Error","Livermore city, California!!Percent Female!!Estimate","Livermore city, California!!Percent Female!!Margin of Error","Oakland city, California!!Total!!Estimate","Oakland city, California!!Total!!Margin of Error","Oakland city, California!!Percent!!Estimate","Oakland city, California!!Percent!!Margin of Error","Oakland city, California!!Male!!Estimate","Oakland city, California!!Male!!Margin of Error","Oakland city, California!!Percent Male!!Estimate","Oakland city, California!!Percent Male!!Margin of Error","Oakland city, California!!Female!!Estimate","Oakland city, California!!Female!!Margin of Error","Oakland city, California!!Percent Female!!Estimate","Oakland city, California!!Percent Female!!Margin of Error","Pleasanton city, California!!Total!!Estimate","Pleasanton city, California!!Total!!Margin of Error","Pleasanton city, California!!Percent!!Estimate","Pleasanton city, California!!Percent!!Margin of Error","Pleasanton city, California!!Male!!Estimate","Pleasanton city, California!!Male!!Margin of Error","Pleasanton city, California!!Percent Male!!Estimate","Pleasanton city, California!!Percent Male!!Margin of Error","Pleasanton city, California!!Female!!Estimate","Pleasanton city, California!!Female!!Margin of Error","Pleasanton city, California!!Percent Female!!Estimate","Pleasanton city, California!!Percent Female!!Margin of Error","San Leandro city, California!!Total!!Estimate","San Leandro city, California!!Total!!Margin of Error","San Leandro city, California!!Percent!!Estimate","San Leandro city, California!!Percent!!Margin of Error","San Leandro city, California!!Male!!Estimate","San Leandro city, California!!Male!!Margin of Error","San Leandro city, California!!Percent Male!!Estimate","San Leandro city, California!!Percent Male!!Margin of Error","San Leandro city, California!!Female!!Estimate","San Leandro city, California!!Female!!Margin of Error","San Leandro city, California!!Percent Female!!Estimate","San Leandro city, California!!Percent Female!!Margin of Error"
"AGE BY EDUCATIONAL ATTAINMENT","","","","","","","","","","","","","","","","","","","","","","","","","","","","","","","","","","","","","","","","","","","","","","","","","","","","","","","","","","","","","","","","","","","","","","","","","","","","","","","","","","","","","","","","","","","","","","","","","","","","","","","","","","","",""
"    Population 18 to 24 years","3,644","±1,029","(X)","(X)","1,761","±923","(X)","(X)","1,883","±642","(X)","(X)","27,072","±3,804","(X)","(X)","12,295","±2,513","(X)","(X)","14,777","±2,602","(X)","(X)","3,276","±1,113","(X)","(X)","1,536","±570","(X)","(X)","1,740","±718","(X)","(X)","12,766","±1,841","(X)","(X)","7,063","±1,632","(X)","(X)","5,703","±970","(X)","(X)","11,537","±1,845","(X)","(X)","5,372","±1,125","(X)","(X)","6,165","±1,298","(X)","(X)","6,572","±1,643","(X)","(X)","3,782","±1,183","(X)","(X)","2,790","±1,029","(X)","(X)","31,603","±3,108","(X)","(X)","16,598","±2,295","(X)","(X)","15,005","±2,010","(X)","(X)","5,662","±1,328","(X)","(X)","2,342","±742","(X)","(X)","3,320","±950","(X)","(X)","7,514","±1,381","(X)","(X)","3,994","±1,001","(X)","(X)","3,520","±962","(X)","(X)"
"        Less than high school graduate","142","±202","3.9%","±5.6","79","±131","4.5%","±8.0","63","±104","3.3%","±5.6","597","±361","2.2%","±1.4","403","±377","3.3%","±3.0","194","±239","1.3%","±1.7","47","±81","1.4%","±2.6","47","±81","3.1%","±5.4","0","±218","0.0%","±10.7","823","±660","6.4%","±4.9","685","±626","9.7%","±8.2","138","±225","2.4%","±4.0","1,622","±737","14.1%","±5.9","1,081","±555","20.1%","±9.4","541","±492","8.8%","±7.5","575","±602","8.7%","±9.0","43","±70","1.1%","±1.9","532","±600","19.1%","±19.3","3,920","±962","12.4%","±3.1","2,074","±812","12.5%","±4.6","1,846","±663","12.3%","±4.6","482","±439","8.5%","±7.8","58","±98","2.5%","±4.4","424","±422","12.8%","±12.4","600","±443","8.0%","±5.2","358","±304","9.0%","±7.1","242","±311","6.9%","±8.4"
"        High school graduate (includes equivalency)","1,754","±669","48.1%","±12.3","894","±633","50.8%","±20.1","860","±484","45.7%","±17.2","7,302","±1,891","27.0%","±5.7","3,680","±1,517","29.9%","±10.0","3,622","±1,125","24.5%","±6.7","1,571","±841","48.0%","±16.1","841","±471","54.8%","±19.2","730","±473","42.0%","±19.1","3,052","±886","23.9%","±6.4","1,450","±581","20.5%","±7.4","1,602","±706","28.1%","±10.2","4,191","±1,208","36.3%","±7.8","2,395","±821","44.6%","±11.3","1,796","±760","29.1%","±9.7","2,827","±1,218","43.0%","±13.2","1,529","±833","40.4%","±15.7","1,298","±704","46.5%","±19.7","11,404","±1,905","36.1%","±5.1","6,528","±1,526","39.3%","±7.7","4,876","±1,136","32.5%","±7.0","1,594","±693","28.2%","±11.6","961","±502","41.0%","±15.9","633","±442","19.1%","±12.9","3,577","±1,147","47.6%","±11.4","1,974","±864","49.4%","±13.8","1,603","±804","45.5%","±18.2"
"        Some college or associate's degree","1,219","±536","33.5%","±10.4","593","±414","33.7%","±15.1","626","±352","33.2%","±15.2","13,263","±2,524","49.0%","±6.3","5,680","±1,723","46.2%","±9.9","7,583","±2,029","51.3%","±10.4","800","±369","24.4%","±10.0","379","±273","24.7%","±16.0","421","±273","24.2%","±13.8","6,375","±1,280","49.9%","±6.9","3,555","±988","50.3%","±9.6","2,820","±687","49.4%","±10.9","4,958","±1,071","43.0%","±7.2","1,497","±598","27.9%","±9.9","3,461","±843","56.1%","±10.6","1,926","±799","29.3%","±11.0","1,408","±679","37.2%","±14.2","518","±394","18.6%","±13.4","11,245","±1,880","35.6%","±4.8","6,434","±1,577","38.8%","±7.5","4,811","±1,028","32.1%","±6.5","2,003","±874","35.4%","±12.8","1,040","±577","44.4%","±19.8","963","±603","29.0%","±18.6","2,238","±765","29.8%","±10.0","1,261","±472","31.6%","±12.0","977","±526","27.8%","±13.5"
"        Bachelor's degree or higher","529","±294","14.5%","±7.6","195","±210","11.1%","±12.8","334","±183","17.7%","±10.1","5,910","±1,493","21.8%","±4.8","2,532","±932","20.6%","±7.7","3,378","±1,234","22.9%","±7.0","858","±474","26.2%","±12.5","269","±202","17.5%","±12.8","589","±413","33.9%","±20.4","2,516","±840","19.7%","±6.2","1,373","±718","19.4%","±8.8","1,143","±520","20.0%","±8.5","766","±430","6.6%","±3.8","399","±276","7.4%","±5.1","367","±267","6.0%","±4.5","1,244","±549","18.9%","±8.0","802","±353","21.2%","±9.2","442","±351","15.8%","±12.6","5,034","±1,461","15.9%","±4.0","1,562","±623","9.4%","±3.6","3,472","±1,356","23.1%","±7.0","1,583","±782","28.0%","±10.9","283","±232","12.1%","±9.7","1,300","±769","39.2%","±17.0","1,099","±534","14.6%","±6.9","401","±238","10.0%","±6.2","698","±419","19.8%","±10.9"
"    Population 25 years and over","56,820","±1,840","(X)","(X)","28,094","±1,473","(X)","(X)","28,726","±1,352","(X)","(X)","75,318","±4,064","(X)","(X)","38,000","±2,806","(X)","(X)","37,318","±2,462","(X)","(X)","49,204","±1,812","(X)","(X)","24,200","±1,297","(X)","(X)","25,004","±1,572","(X)","(X)","161,130","±3,069","(X)","(X)","82,340","±3,146","(X)","(X)","78,790","±2,363","(X)","(X)","114,163","±2,706","(X)","(X)","58,315","±2,441","(X)","(X)","55,848","±2,618","(X)","(X)","62,087","±2,302","(X)","(X)","30,546","±1,892","(X)","(X)","31,541","±1,770","(X)","(X)","318,281","±4,258","(X)","(X)","151,335","±4,412","(X)","(X)","166,946","±3,931","(X)","(X)","56,702","±1,960","(X)","(X)","26,927","±1,481","(X)","(X)","29,775","±1,503","(X)","(X)","67,147","±2,189","(X)","(X)","32,591","±1,864","(X)","(X)","34,556","±1,984","(X)","(X)"
"        Less than 9th grade","1,017","±432","1.8%","±0.8","482","±246","1.7%","±0.9","535","±333","1.9%","±1.2","1,628","±629","2.2%","±0.8","930","±445","2.4%","±1.2","698","±391","1.9%","±1.0","1,404","±640","2.9%","±1.3","750","±543","3.1%","±2.2","654","±375","2.6%","±1.5","4,825","±1,358","3.0%","±0.8","1,888","±722","2.3%","±0.9","2,937","±875","3.7%","±1.1","13,795","±2,314","12.1%","±2.0","7,564","±1,459","13.0%","±2.5","6,231","±1,530","11.2%","±2.7","2,553","±1,055","4.1%","±1.7","1,255","±632","4.1%","±2.1","1,298","±705","4.1%","±2.3","34,116","±3,816","10.7%","±1.2","17,428","±2,474","11.5%","±1.6","16,688","±2,226","10.0%","±1.4","543","±493","1.0%","±0.9","155","±147","0.6%","±0.5","388","±467","1.3%","±1.6","6,653","±2,090","9.9%","±3.1","3,152","±1,312","9.7%","±3.9","3,501","±1,126","10.1%","±3.2"
"        9th to 12th grade, no diploma","2,134","±799","3.8%","±1.4","1,074","±612","3.8%","±2.2","1,060","±481","3.7%","±1.7","727","±481","1.0%","±0.6","409","±328","1.1%","±0.9","318","±246","0.9%","±0.7","440","±312","0.9%","±0.6","272","±281","1.1%","±1.2","168","±152","0.7%","±0.6","5,271","±1,509","3.3%","±0.9","2,131","±980","2.6%","±1.2","3,140","±941","4.0%","±1.2","7,728","±1,706","6.8%","±1.5","4,123","±1,095","7.1%","±1.8","3,605","±986","6.5%","±1.8","1,849","±905","3.0%","±1.4","712","±487","2.3%","±1.6","1,137","±578","3.6%","±1.8","17,799","±2,356","5.6%","±0.7","8,773","±1,577","5.8%","±1.0","9,026","±1,609","5.4%","±1.0","1,336","±683","2.4%","±1.2","632","±560","2.3%","±2.0","704","±426","2.4%","±1.5","4,456","±1,301","6.6%","±2.0","1,665","±682","5.1%","±2.1","2,791","±918","8.1%","±2.6"
"        High school graduate (includes equivalency)","6,833","±1,372","12.0%","±2.4","3,575","±899","12.7%","±3.1","3,258","±975","11.3%","±3.3","5,372","±1,218","7.1%","±1.6","3,330","±988","8.8%","±2.5","2,042","±695","5.5%","±1.8","5,109","±1,493","10.4%","±2.9","2,146","±916","8.9%","±3.7","2,963","±971","11.9%","±3.7","23,794","±3,271","14.8%","±2.0","12,469","±2,036","15.1%","±2.4","11,325","±1,815","14.4%","±2.2","29,291","±2,838","25.7%","±2.4","14,292","±1,447","24.5%","±2.5","14,999","±2,215","26.9%","±3.6","10,196","±2,161","16.4%","±3.4","5,623","±1,448","18.4%","±4.7","4,573","±1,219","14.5%","±3.7","48,157","±3,510","15.1%","±1.1","23,821","±2,513","15.7%","±1.6","24,336","±2,381","14.6%","±1.4","5,490","±1,300","9.7%","±2.3","2,418","±859","9.0%","±3.2","3,072","±1,055","10.3%","±3.3","15,677","±2,632","23.3%","±3.9","7,932","±1,785","24.3%","±5.4","7,745","±1,566","22.4%","±4.4"
"        Some college, no degree","8,758","±1,668","15.4%","±2.8","4,856","±1,138","17.3%","±3.8","3,902","±980","13.6%","±3.2","9,259","±1,784","12.3%","±2.2","5,573","±1,435","14.7%","±3.4","3,686","±906","9.9%","±2.4","5,395","±1,307","11.0%","±2.6","3,082","±1,049","12.7%","±4.1","2,313","±793","9.3%","±2.9","16,229","±2,169","10.1%","±1.3","8,187","±1,471","9.9%","±1.8","8,042","±1,462","10.2%","±1.8","19,008","±2,251","16.6%","±1.9","9,810","±1,739","16.8%","±2.8","9,198","±1,512","16.5%","±2.5","13,681","±1,688","22.0%","±2.8","6,461","±1,205","21.2%","±3.9","7,220","±1,340","22.9%","±4.0","50,674","±3,101","15.9%","±1.0","24,496","±2,411","16.2%","±1.6","26,178","±2,578","15.7%","±1.5","8,930","±1,747","15.7%","±3.0","4,276","±1,023","15.9%","±3.7","4,654","±1,195","15.6%","±4.1","15,772","±2,207","23.5%","±3.2","8,686","±1,685","26.7%","±4.5","7,086","±1,909","20.5%","±5.3"
"        Associate's degree","3,572","±1,046","6.3%","±1.8","1,971","±867","7.0%","±3.0","1,601","±608","5.6%","±2.1","2,835","±973","3.8%","±1.3","1,721","±705","4.5%","±1.8","1,114","±563","3.0%","±1.5","3,614","±892","7.3%","±1.8","984","±484","4.1%","±2.0","2,630","±682","10.5%","±2.7","8,423","±1,375","5.2%","±0.8","4,067","±1,050","4.9%","±1.3","4,356","±849","5.5%","±1.1","7,825","±1,646","6.9%","±1.5","4,037","±1,054","6.9%","±1.8","3,788","±1,041","6.8%","±1.9","6,290","±1,338","10.1%","±2.1","2,160","±798","7.1%","±2.5","4,130","±1,047","13.1%","±3.3","18,560","±2,554","5.8%","±0.8","7,973","±1,745","5.3%","±1.2","10,587","±1,656","6.3%","±0.9","4,273","±1,209","7.5%","±2.0","1,096","±570","4.1%","±2.1","3,177","±1,066","10.7%","±3.5","4,297","±1,191","6.4%","±1.7","2,336","±857","7.2%","±2.7","1,961","±735","5.7%","±2.0"
"        Bachelor's degree","21,549","±2,185","37.9%","±3.7","10,918","±1,548","38.9%","±5.0","10,631","±1,293","37.0%","±4.4","24,348","±3,174","32.3%","±3.4","11,529","±1,825","30.3%","±4.3","12,819","±2,074","34.4%","±4.4","18,266","±2,198","37.1%","±4.3","9,156","±1,400","37.8%","±5.4","9,110","±1,523","36.4%","±5.6","49,371","±2,757","30.6%","±1.8","23,624","±1,811","28.7%","±2.3","25,747","±2,163","32.7%","±2.8","25,714","±2,838","22.5%","±2.3","12,931","±1,902","22.2%","±2.9","12,783","±1,613","22.9%","±2.6","16,615","±2,343","26.8%","±3.6","8,866","±1,751","29.0%","±5.0","7,749","±1,317","24.6%","±4.0","80,386","±4,348","25.3%","±1.3","39,213","±3,236","25.9%","±1.8","41,173","±3,067","24.7%","±1.7","19,297","±2,421","34.0%","±3.9","8,319","±1,360","30.9%","±4.5","10,978","±1,868","36.9%","±5.6","14,015","±2,242","20.9%","±3.2","6,183","±1,316","19.0%","±3.9","7,832","±1,436","22.7%","±4.2"
"        Graduate or professional degree","12,957","±1,881","22.8%","±3.4","5,218","±1,057","18.6%","±4.0","7,739","±1,266","26.9%","±4.4","31,149","±2,596","41.4%","±3.3","14,508","±1,852","38.2%","±4.3","16,641","±1,571","44.6%","±3.9","14,976","±1,897","30.4%","±4.0","7,810","±1,140","32.3%","±5.0","7,166","±1,296","28.7%","±5.6","53,217","±3,884","33.0%","±2.4","29,974","±3,260","36.4%","±3.4","23,243","±2,045","29.5%","±2.5","10,802","±1,808","9.5%","±1.6","5,558","±1,104","9.5%","±2.0","5,244","±960","9.4%","±1.8","10,903","±1,612","17.6%","±2.5","5,469","±967","17.9%","±3.1","5,434","±1,015","17.2%","±3.1","68,589","±4,392","21.5%","±1.3","29,631","±2,554","19.6%","±1.6","38,958","±2,932","23.3%","±1.6","16,833","±1,812","29.7%","±3.5","10,031","±1,343","37.3%","±5.1","6,802","±938","22.8%","±3.4","6,277","±1,147","9.3%","±1.7","2,637","±772","8.1%","±2.4","3,640","±1,020","10.5%","±2.9"
"        High school graduate or higher","53,669","±1,905","94.5%","±1.6","26,538","±1,575","94.5%","±2.3","27,131","±1,456","94.4%","±2.0","72,963","±4,054","96.9%","±1.0","36,661","±2,845","96.5%","±1.5","36,302","±2,395","97.3%","±1.2","47,360","±1,713","96.3%","±1.4","23,178","±1,275","95.8%","±2.3","24,182","±1,502","96.7%","±1.7","151,034","±3,397","93.7%","±1.1","78,321","±3,143","95.1%","±1.3","72,713","±2,510","92.3%","±1.6","92,640","±3,585","81.1%","±2.3","46,628","±2,568","80.0%","±2.8","46,012","±2,802","82.4%","±2.8","57,685","±2,634","92.9%","±2.3","28,579","±1,967","93.6%","±2.4","29,106","±1,895","92.3%","±2.8","266,366","±6,448","83.7%","±1.4","125,134","±4,650","82.7%","±1.8","141,232","±4,684","84.6%","±1.5","54,823","±2,208","96.7%","±1.6","26,140","±1,409","97.1%","±2.1","28,683","±1,781","96.3%","±2.5","56,038","±3,026","83.5%","±3.3","27,774","±2,021","85.2%","±4.1","28,264","±2,011","81.8%","±3.4"
"        Bachelor's degree or higher","34,506","±2,478","60.7%","±4.4","16,136","±1,716","57.4%","±5.9","18,370","±1,361","63.9%","±4.5","55,497","±3,665","73.7%","±2.7","26,037","±2,340","68.5%","±4.2","29,460","±2,418","78.9%","±3.3","33,242","±2,453","67.6%","±5.0","16,966","±1,427","70.1%","±5.7","16,276","±1,498","65.1%","±6.0","102,588","±4,192","63.7%","±2.6","53,598","±3,390","65.1%","±3.2","48,990","±2,426","62.2%","±3.0","36,516","±3,169","32.0%","±2.6","18,489","±2,194","31.7%","±3.4","18,027","±1,629","32.3%","±2.7","27,518","±3,114","44.3%","±4.6","14,335","±2,031","46.9%","±5.5","13,183","±1,840","41.8%","±5.4","148,975","±6,167","46.8%","±1.6","68,844","±4,105","45.5%","±2.0","80,131","±4,120","48.0%","±2.1","36,130","±2,166","63.7%","±3.6","18,350","±1,253","68.1%","±3.4","17,780","±1,776","59.7%","±5.3","20,292","±2,540","30.2%","±3.6","8,820","±1,440","27.1%","±4.3","11,472","±1,649","33.2%","±4.7"
"    Population 25 to 34 years","11,547","±2,151","(X)","(X)","6,119","±1,374","(X)","(X)","5,428","±1,357","(X)","(X)","21,086","±3,079","(X)","(X)","11,113","±2,212","(X)","(X)","9,973","±1,543","(X)","(X)","9,412","±1,630","(X)","(X)","4,577","±958","(X)","(X)","4,835","±1,076","(X)","(X)","33,362","±3,743","(X)","(X)","17,493","±2,533","(X)","(X)","15,869","±2,177","(X)","(X)","27,610","±3,099","(X)","(X)","14,633","±2,166","(X)","(X)","12,977","±1,736","(X)","(X)","12,102","±1,945","(X)","(X)","5,983","±1,226","(X)","(X)","6,119","±1,147","(X)","(X)","76,536","±4,480","(X)","(X)","36,267","±3,238","(X)","(X)","40,269","±2,472","(X)","(X)","8,359","±2,485","(X)","(X)","3,772","±1,184","(X)","(X)","4,587","±1,830","(X)","(X)","12,761","±2,112","(X)","(X)","6,103","±1,276","(X)","(X)","6,658","±1,414","(X)","(X)"
"        High school graduate or higher","11,402","±2,157","98.7%","±1.5","5,974","±1,387","97.6%","±2.8","5,428","±1,357","100.0%","±3.6","20,709","±3,006","98.2%","±1.6","10,876","±2,153","97.9%","±1.9","9,833","±1,512","98.6%","±2.3","9,126","±1,534","97.0%","±2.9","4,577","±958","100.0%","±4.2","4,549","±951","94.1%","±5.5","32,896","±3,740","98.6%","±0.7","17,239","±2,517","98.5%","±0.9","15,657","±2,188","98.7%","±1.1","25,871","±3,170","93.7%","±2.7","13,484","±2,054","92.1%","±4.0","12,387","±1,759","95.5%","±3.0","11,806","±1,885","97.6%","±2.0","5,836","±1,217","97.5%","±2.9","5,970","±1,108","97.6%","±3.0","66,958","±4,180","87.5%","±2.5","31,154","±2,910","85.9%","±3.2","35,804","±2,516","88.9%","±3.2","8,312","±2,480","99.4%","±1.0","3,772","±1,184","100.0%","±5.1","4,540","±1,828","99.0%","±1.9","12,409","±1,984","97.2%","±2.8","6,024","±1,284","98.7%","±1.9","6,385","±1,259","95.9%","±4.6"
"        Bachelor's degree or higher","7,892","±1,774","68.3%","±8.1","4,154","±1,126","67.9%","±9.2","3,738","±965","68.9%","±12.8","17,270","±2,495","81.9%","±4.8","7,992","±1,631","71.9%","±8.0","9,278","±1,525","93.0%","±3.8","6,778","±1,531","72.0%","±10.2","3,486","±913","76.2%","±11.2","3,292","±912","68.1%","±14.6","24,130","±3,225","72.3%","±4.4","12,303","±2,427","70.3%","±6.5","11,827","±1,745","74.5%","±6.2","12,408","±2,322","44.9%","±5.5","6,018","±1,628","41.1%","±8.1","6,390","±1,373","49.2%","±7.9","5,992","±1,323","49.5%","±9.9","2,802","±852","46.8%","±12.5","3,190","±871","52.1%","±11.9","42,920","±3,306","56.1%","±3.4","19,367","±2,350","53.4%","±4.8","23,553","±2,101","58.5%","±4.4","6,342","±2,070","75.9%","±8.8","2,647","±1,010","70.2%","±15.7","3,695","±1,561","80.6%","±9.5","5,494","±1,484","43.1%","±9.4","2,150","±763","35.2%","±11.5","3,344","±1,080","50.2%","±11.5"
"    Population 35 to 44 years","12,848","±1,707","(X)","(X)","6,252","±1,097","(X)","(X)","6,596","±1,210","(X)","(X)","12,683","±1,884","(X)","(X)","6,372","±1,276","(X)","(X)","6,311","±1,107","(X)","(X)","15,913","±1,907","(X)","(X)","7,907","±1,312","(X)","(X)","8,006","±1,018","(X)","(X)","41,953","±3,070","(X)","(X)","22,803","±2,015","(X)","(X)","19,150","±1,712","(X)","(X)","23,371","±2,349","(X)","(X)","12,911","±1,743","(X)","(X)","10,460","±1,349","(X)","(X)","10,856","±1,740","(X)","(X)","5,608","±1,253","(X)","(X)","5,248","±973","(X)","(X)","70,832","±3,292","(X)","(X)","34,657","±2,239","(X)","(X)","36,175","±2,168","(X)","(X)","10,309","±1,636","(X)","(X)","4,685","±950","(X)","(X)","5,624","±1,058","(X)","(X)","12,104","±1,881","(X)","(X)","5,867","±1,239","(X)","(X)","6,237","±1,275","(X)","(X)"
"        High school graduate or higher","12,454","±1,728","96.9%","±2.1","6,058","±1,088","96.9%","±3.1","6,396","±1,240","97.0%","±2.5","12,601","±1,885","99.4%","±0.8","6,328","±1,270","99.3%","±1.2","6,273","±1,102","99.4%","±1.0","15,695","±1,876","98.6%","±1.0","7,780","±1,286","98.4%","±1.9","7,915","±1,016","98.9%","±1.6","40,750","±3,034","97.1%","±1.5","22,006","±1,966","96.5%","±2.1","18,744","±1,700","97.9%","±1.7","19,752","±2,420","84.5%","±4.9","10,988","±1,774","85.1%","±5.3","8,764","±1,235","83.8%","±7.1","10,188","±1,769","93.8%","±4.6","5,504","±1,262","98.1%","±2.2","4,684","±948","89.3%","±8.6","60,320","±3,405","85.2%","±2.8","29,408","±2,434","84.9%","±4.3","30,912","±2,264","85.5%","±3.0","9,988","±1,588","96.9%","±3.5","4,625","±957","98.7%","±2.0","5,363","±1,034","95.4%","±6.3","10,195","±2,024","84.2%","±8.5","4,991","±1,189","85.1%","±9.4","5,204","±1,278","83.4%","±10.0"
"        Bachelor's degree or higher","8,395","±1,558","65.3%","±8.2","3,490","±838","55.8%","±12.2","4,905","±1,127","74.4%","±9.7","9,555","±1,512","75.3%","±7.8","4,268","±984","67.0%","±11.1","5,287","±973","83.8%","±7.4","12,199","±1,755","76.7%","±6.3","6,058","±1,075","76.6%","±7.0","6,141","±965","76.7%","±9.3","31,510","±3,131","75.1%","±4.6","16,004","±1,901","70.2%","±5.9","15,506","±1,772","81.0%","±4.7","7,857","±1,788","33.6%","±6.3","4,626","±1,321","35.8%","±7.9","3,231","±839","30.9%","±7.7","6,250","±1,316","57.6%","±9.4","2,845","±992","50.7%","±14.6","3,405","±868","64.9%","±11.7","36,410","±2,987","51.4%","±3.3","17,417","±1,847","50.3%","±4.1","18,993","±2,051","52.5%","±4.4","7,621","±1,402","73.9%","±8.5","3,518","±779","75.1%","±11.8","4,103","±892","73.0%","±12.5","4,503","±1,382","37.2%","±9.9","1,788","±739","30.5%","±11.4","2,715","±851","43.5%","±12.6"
"    Population 45 to 64 years","20,195","±1,743","(X)","(X)","9,303","±1,134","(X)","(X)","10,892","±1,122","(X)","(X)","23,852","±2,456","(X)","(X)","12,472","±1,567","(X)","(X)","11,380","±1,393","(X)","(X)","16,451","±2,041","(X)","(X)","8,000","±1,141","(X)","(X)","8,451","±1,365","(X)","(X)","55,643","±3,586","(X)","(X)","28,896","±2,041","(X)","(X)","26,747","±2,308","(X)","(X)","40,435","±3,175","(X)","(X)","20,149","±1,810","(X)","(X)","20,286","±2,052","(X)","(X)","26,462","±2,111","(X)","(X)","13,160","±1,446","(X)","(X)","13,302","±1,485","(X)","(X)","107,772","±4,215","(X)","(X)","53,482","±3,016","(X)","(X)","54,290","±2,542","(X)","(X)","24,551","±2,451","(X)","(X)","12,319","±1,270","(X)","(X)","12,232","±1,685","(X)","(X)","27,556","±2,578","(X)","(X)","13,836","±1,695","(X)","(X)","13,720","±1,628","(X)","(X)"
"        High school graduate or higher","19,049","±1,724","94.3%","±2.6","8,840","±1,087","95.0%","±3.3","10,209","±1,232","93.7%","±4.2","22,520","±2,395","94.4%","±2.4","11,648","±1,447","93.4%","±3.3","10,872","±1,430","95.5%","±3.0","16,280","±2,080","99.0%","±1.5","7,855","±1,127","98.2%","±2.9","8,425","±1,378","99.7%","±0.6","52,258","±3,642","93.9%","±1.8","27,407","±2,054","94.8%","±1.8","24,851","±2,262","92.9%","±2.6","30,236","±2,916","74.8%","±4.6","14,405","±1,660","71.5%","±6.2","15,831","±1,846","78.0%","±5.3","24,241","±2,228","91.6%","±3.6","12,048","±1,344","91.6%","±4.2","12,193","±1,603","91.7%","±4.9","88,137","±4,241","81.8%","±2.3","42,865","±2,947","80.1%","±3.1","45,272","±2,839","83.4%","±2.7","23,658","±2,521","96.4%","±2.7","11,837","±1,348","96.1%","±4.4","11,821","±1,755","96.6%","±3.8","22,661","±2,454","82.2%","±4.6","11,614","±1,527","83.9%","±5.6","11,047","±1,458","80.5%","±5.7"
"        Bachelor's degree or higher","11,800","±1,701","58.4%","±7.1","5,051","±995","54.3%","±9.7","6,749","±1,084","62.0%","±7.3","16,559","±2,121","69.4%","±4.7","8,230","±1,269","66.0%","±7.2","8,329","±1,398","73.2%","±6.5","11,720","±1,584","71.2%","±6.3","6,219","±962","77.7%","±7.8","5,501","±1,010","65.1%","±9.0","34,353","±2,711","61.7%","±3.6","18,878","±1,530","65.3%","±4.2","15,475","±1,770","57.9%","±4.7","11,539","±1,895","28.5%","±4.1","5,560","±1,138","27.6%","±5.1","5,979","±1,099","29.5%","±4.6","11,602","±1,972","43.8%","±6.0","6,509","±1,253","49.5%","±7.3","5,093","±1,173","38.3%","±7.3","45,102","±3,338","41.8%","±2.6","20,974","±2,106","39.2%","±3.3","24,128","±2,151","44.4%","±3.2","15,779","±1,978","64.3%","±6.0","8,604","±1,172","69.8%","±6.6","7,175","±1,159","58.7%","±8.5","6,893","±1,539","25.0%","±5.1","3,036","±899","21.9%","±6.3","3,857","±976","28.1%","±6.3"
"    Population 65 years and over","12,230","±1,868","(X)","(X)","6,420","±1,123","(X)","(X)","5,810","±1,098","(X)","(X)","17,697","±1,894","(X)","(X)","8,043","±1,068","(X)","(X)","9,654","±1,158","(X)","(X)","7,428","±1,625","(X)","(X)","3,716","±1,030","(X)","(X)","3,712","±875","(X)","(X)","30,172","±2,888","(X)","(X)","13,148","±1,479","(X)","(X)","17,024","±1,831","(X)","(X)","22,747","±2,375","(X)","(X)","10,622","±1,437","(X)","(X)","12,125","±1,517","(X)","(X)","12,667","±2,482","(X)","(X)","5,795","±1,247","(X)","(X)","6,872","±1,550","(X)","(X)","63,141","±3,334","(X)","(X)","26,929","±1,750","(X)","(X)","36,212","±2,349","(X)","(X)","13,483","±2,140","(X)","(X)","6,151","±1,122","(X)","(X)","7,332","±1,408","(X)","(X)","14,726","±1,864","(X)","(X)","6,785","±1,187","(X)","(X)","7,941","±1,234","(X)","(X)"
"        High school graduate or higher","10,764","±1,610","88.0%","±4.6","5,666","±1,031","88.3%","±7.4","5,098","±1,014","87.7%","±6.2","17,133","±1,879","96.8%","±1.6","7,809","±1,052","97.1%","±2.0","9,324","±1,172","96.6%","±2.1","6,259","±1,321","84.3%","±6.5","2,966","±802","79.8%","±12.0","3,293","±861","88.7%","±6.8","25,130","±2,636","83.3%","±3.8","11,669","±1,407","88.8%","±4.9","13,461","±1,671","79.1%","±5.0","16,781","±2,145","73.8%","±5.2","7,751","±1,302","73.0%","±7.0","9,030","±1,415","74.5%","±6.2","11,450","±2,114","90.4%","±5.9","5,191","±1,096","89.6%","±7.0","6,259","±1,352","91.1%","±6.1","50,951","±3,232","80.7%","±2.9","21,707","±1,750","80.6%","±3.7","29,244","±2,092","80.8%","±3.1","12,865","±2,150","95.4%","±2.4","5,906","±1,138","96.0%","±3.2","6,959","±1,415","94.9%","±3.3","10,773","±1,751","73.2%","±9.1","5,145","±1,070","75.8%","±12.4","5,628","±1,118","70.9%","±9.4"
"        Bachelor's degree or higher","6,419","±1,293","52.5%","±7.3","3,441","±799","53.6%","±9.3","2,978","±824","51.3%","±9.7","12,113","±1,616","68.4%","±5.5","5,547","±958","69.0%","±7.9","6,566","±969","68.0%","±7.3","2,545","±916","34.3%","±11.5","1,203","±557","32.4%","±14.2","1,342","±561","36.2%","±13.4","12,595","±1,685","41.7%","±4.1","6,413","±1,093","48.8%","±6.5","6,182","±1,153","36.3%","±5.2","4,712","±1,093","20.7%","±4.1","2,285","±651","21.5%","±5.5","2,427","±769","20.0%","±5.3","3,674","±968","29.0%","±6.9","2,179","±633","37.6%","±9.1","1,495","±516","21.8%","±7.6","24,543","±2,417","38.9%","±3.1","11,086","±1,425","41.2%","±4.7","13,457","±1,514","37.2%","±3.6","6,388","±1,501","47.4%","±7.1","3,581","±956","58.2%","±9.6","2,807","±831","38.3%","±8.7","3,402","±906","23.1%","±6.1","1,846","±625","27.2%","±8.7","1,556","±512","19.6%","±6.2"
"RACE AND HISPANIC OR LATINO ORIGIN BY EDUCATIONAL ATTAINMENT","","","","","","","","","","","","","","","","","","","","","","","","","","","","","","","","","","","","","","","","","","","","","","","","","","","","","","","","","","","","","","","","","","","","","","","","","","","","","","","","","","","","","","","","","","","","","","","","","","","","","","","","","","","",""
"    White alone","25,832","±2,653","(X)","(X)","13,026","±1,640","(X)","(X)","12,806","±1,633","(X)","(X)","44,961","±3,512","(X)","(X)","23,204","±2,243","(X)","(X)","21,757","±1,927","(X)","(X)","15,219","±2,545","(X)","(X)","7,561","±1,397","(X)","(X)","7,658","±1,697","(X)","(X)","32,882","±3,541","(X)","(X)","17,042","±2,193","(X)","(X)","15,840","±1,811","(X)","(X)","23,376","±2,856","(X)","(X)","12,247","±1,768","(X)","(X)","11,129","±1,661","(X)","(X)","36,260","±3,335","(X)","(X)","18,473","±2,079","(X)","(X)","17,787","±1,987","(X)","(X)","107,498","±4,924","(X)","(X)","53,348","±3,297","(X)","(X)","54,150","±3,237","(X)","(X)","26,446","±2,946","(X)","(X)","13,293","±1,700","(X)","(X)","13,153","±1,724","(X)","(X)","18,978","±3,018","(X)","(X)","9,322","±1,675","(X)","(X)","9,656","±2,079","(X)","(X)"
"        High school graduate or higher","25,412","±2,617","98.4%","±1.0","12,785","±1,629","98.1%","±1.5","12,627","±1,602","98.6%","±1.3","44,464","±3,522","98.9%","±0.7","22,787","±2,245","98.2%","±1.3","21,677","±1,915","99.6%","±0.4","14,945","±2,436","98.2%","±1.6","7,442","±1,368","98.4%","±2.5","7,503","±1,623","98.0%","±1.7","32,238","±3,553","98.0%","±1.1","16,664","±2,231","97.8%","±1.7","15,574","±1,768","98.3%","±1.2","21,740","±2,818","93.0%","±2.6","11,429","±1,796","93.3%","±3.4","10,311","±1,610","92.6%","±3.5","34,888","±3,193","96.2%","±2.3","17,859","±2,073","96.7%","±2.5","17,029","±1,890","95.7%","±2.7","103,837","±4,798","96.6%","±1.2","51,544","±3,108","96.6%","±1.7","52,293","±3,122","96.6%","±1.6","26,139","±2,955","98.8%","±0.8","13,106","±1,705","98.6%","±1.3","13,033","±1,728","99.1%","±0.9","17,136","±2,652","90.3%","±4.3","8,768","±1,592","94.1%","±3.6","8,368","±1,654","86.7%","±6.3"
"        Bachelor's degree or higher","17,928","±2,399","69.4%","±5.2","8,802","±1,473","67.6%","±6.8","9,126","±1,330","71.3%","±6.7","37,424","±3,255","83.2%","±2.7","18,603","±1,988","80.2%","±4.1","18,821","±1,937","86.5%","±3.6","8,823","±1,743","58.0%","±9.5","4,509","±935","59.6%","±9.6","4,314","±1,098","56.3%","±13.1","15,991","±2,253","48.6%","±5.2","8,207","±1,452","48.2%","±6.1","7,784","±1,367","49.1%","±7.0","8,123","±1,724","34.7%","±6.5","4,031","±1,097","32.9%","±7.6","4,092","±1,043","36.8%","±8.4","16,628","±2,208","45.9%","±5.1","8,959","±1,502","48.5%","±6.7","7,669","±1,323","43.1%","±6.0","78,445","±4,296","73.0%","±2.6","38,138","±3,075","71.5%","±3.7","40,307","±2,781","74.4%","±2.9","14,740","±1,987","55.7%","±4.9","7,945","±1,320","59.8%","±5.9","6,795","±1,208","51.7%","±6.8","5,819","±1,265","30.7%","±6.4","2,736","±737","29.3%","±7.8","3,083","±835","31.9%","±6.9"
"    White alone, not Hispanic or Latino","24,304","±2,685","(X)","(X)","12,062","±1,617","(X)","(X)","12,242","±1,625","(X)","(X)","43,991","±3,461","(X)","(X)","22,710","±2,166","(X)","(X)","21,281","±1,953","(X)","(X)","13,871","±2,240","(X)","(X)","7,112","±1,340","(X)","(X)","6,759","±1,318","(X)","(X)","31,285","±3,422","(X)","(X)","16,167","±2,149","(X)","(X)","15,118","±1,769","(X)","(X)","20,639","±2,861","(X)","(X)","10,739","±1,716","(X)","(X)","9,900","±1,705","(X)","(X)","33,535","±3,149","(X)","(X)","16,827","±2,008","(X)","(X)","16,708","±1,870","(X)","(X)","102,369","±4,883","(X)","(X)","50,317","±3,092","(X)","(X)","52,052","±3,214","(X)","(X)","25,142","±3,146","(X)","(X)","12,506","±1,810","(X)","(X)","12,636","±1,815","(X)","(X)","16,050","±2,875","(X)","(X)","8,241","±1,688","(X)","(X)","7,809","±1,686","(X)","(X)"
"        High school graduate or higher","23,884","±2,632","98.3%","±1.0","11,821","±1,594","98.0%","±1.6","12,063","±1,589","98.5%","±1.4","43,538","±3,477","99.0%","±0.7","22,293","±2,164","98.2%","±1.3","21,245","±1,953","99.8%","±0.3","13,726","±2,200","99.0%","±1.2","6,993","±1,313","98.3%","±2.7","6,733","±1,313","99.6%","±0.7","30,724","±3,430","98.2%","±1.1","15,833","±2,172","97.9%","±1.7","14,891","±1,725","98.5%","±1.2","19,316","±2,762","93.6%","±2.7","10,096","±1,739","94.0%","±3.3","9,220","±1,610","93.1%","±3.6","32,780","±3,127","97.7%","±1.0","16,457","±2,016","97.8%","±1.4","16,323","±1,868","97.7%","±1.6","99,775","±4,936","97.5%","±1.2","48,962","±2,965","97.3%","±2.0","50,813","±3,229","97.6%","±1.2","24,835","±3,153","98.8%","±0.8","12,319","±1,814","98.5%","±1.4","12,516","±1,816","99.1%","±0.9","14,665","±2,630","91.4%","±3.9","7,687","±1,608","93.3%","±4.1","6,978","±1,506","89.4%","±5.0"
"        Bachelor's degree or higher","16,708","±2,418","68.7%","±5.5","7,925","±1,433","65.7%","±7.2","8,783","±1,282","71.7%","±6.8","36,767","±3,246","83.6%","±2.7","18,312","±1,962","80.6%","±4.1","18,455","±1,972","86.7%","±3.7","8,424","±1,679","60.7%","±8.5","4,195","±864","59.0%","±9.7","4,229","±1,096","62.6%","±10.6","15,428","±2,145","49.3%","±5.3","7,864","±1,419","48.6%","±6.5","7,564","±1,350","50.0%","±7.2","7,481","±1,696","36.2%","±7.1","3,701","±1,046","34.5%","±8.3","3,780","±1,067","38.2%","±9.3","15,283","±2,082","45.6%","±5.2","8,034","±1,413","47.7%","±7.1","7,249","±1,253","43.4%","±5.8","76,168","±4,236","74.4%","±2.7","36,615","±2,925","72.8%","±3.8","39,553","±2,840","76.0%","±2.9","14,451","±1,955","57.5%","±4.9","7,656","±1,340","61.2%","±6.1","6,795","±1,208","53.8%","±7.1","5,237","±1,168","32.6%","±7.2","2,491","±769","30.2%","±8.9","2,746","±708","35.2%","±7.8"
"    Black alone","3,535","±1,189","(X)","(X)","2,082","±976","(X)","(X)","1,453","±800","(X)","(X)","7,163","±1,727","(X)","(X)","4,287","±1,298","(X)","(X)","2,876","±859","(X)","(X)","N","N","(X)","(X)","N","N","(X)","(X)","N","N","(X)","(X)","4,044","±1,569","(X)","(X)","2,150","±992","(X)","(X)","1,894","±978","(X)","(X)","10,307","±2,858","(X)","(X)","4,854","±1,717","(X)","(X)","5,453","±1,715","(X)","(X)","N","N","(X)","(X)","N","N","(X)","(X)","N","N","(X)","(X)","64,961","±3,691","(X)","(X)","28,669","±2,459","(X)","(X)","36,292","±2,389","(X)","(X)","N","N","(X)","(X)","N","N","(X)","(X)","N","N","(X)","(X)","7,202","±2,125","(X)","(X)","4,368","±1,492","(X)","(X)","2,834","±1,107","(X)","(X)"
"        High school graduate or higher","3,388","±1,176","95.8%","±5.3","2,028","±961","97.4%","±5.2","1,360","±782","93.6%","±10.4","6,931","±1,690","96.8%","±3.1","4,197","±1,272","97.9%","±3.4","2,734","±865","95.1%","±6.0","N","N","N","N","N","N","N","N","N","N","N","N","3,554","±1,473","87.9%","±8.4","1,880","±973","87.4%","±13.9","1,674","±890","88.4%","±9.8","9,333","±2,727","90.6%","±6.4","4,314","±1,541","88.9%","±10.8","5,019","±1,685","92.0%","±6.8","N","N","N","N","N","N","N","N","N","N","N","N","58,190","±3,836","89.6%","±2.4","25,544","±2,569","89.1%","±3.4","32,646","±2,383","90.0%","±3.1","N","N","N","N","N","N","N","N","N","N","N","N","6,843","±2,065","95.0%","±6.0","4,324","±1,494","99.0%","±1.8","2,519","±960","88.9%","±13.7"
"        Bachelor's degree or higher","932","±607","26.4%","±16.2","667","±493","32.0%","±20.5","265","±235","18.2%","±17.8","1,866","±994","26.1%","±12.7","1,021","±778","23.8%","±16.9","845","±481","29.4%","±14.1","N","N","N","N","N","N","N","N","N","N","N","N","1,472","±779","36.4%","±16.9","538","±355","25.0%","±17.1","934","±636","49.3%","±25.9","3,124","±1,563","30.3%","±11.5","1,331","±884","27.4%","±14.9","1,793","±886","32.9%","±12.3","N","N","N","N","N","N","N","N","N","N","N","N","19,348","±2,674","29.8%","±3.7","8,259","±1,350","28.8%","±4.4","11,089","±1,964","30.6%","±4.9","N","N","N","N","N","N","N","N","N","N","N","N","2,085","±912","29.0%","±10.2","1,102","±664","25.2%","±12.4","983","±539","34.7%","±17.8"
"    American Indian or Alaska Native alone","N","N","(X)","(X)","N","N","(X)","(X)","N","N","(X)","(X)","N","N","(X)","(X)","N","N","(X)","(X)","N","N","(X)","(X)","N","N","(X)","(X)","N","N","(X)","(X)","N","N","(X)","(X)","N","N","(X)","(X)","N","N","(X)","(X)","N","N","(X)","(X)","N","N","(X)","(X)","N","N","(X)","(X)","N","N","(X)","(X)","N","N","(X)","(X)","N","N","(X)","(X)","N","N","(X)","(X)","4,089","±2,102","(X)","(X)","2,200","±1,606","(X)","(X)","1,889","±754","(X)","(X)","N","N","(X)","(X)","N","N","(X)","(X)","N","N","(X)","(X)","N","N","(X)","(X)","N","N","(X)","(X)","N","N","(X)","(X)"
"        High school graduate or higher","N","N","N","N","N","N","N","N","N","N","N","N","N","N","N","N","N","N","N","N","N","N","N","N","N","N","N","N","N","N","N","N","N","N","N","N","N","N","N","N","N","N","N","N","N","N","N","N","N","N","N","N","N","N","N","N","N","N","N","N","N","N","N","N","N","N","N","N","N","N","N","N","2,274","±1,131","55.6%","±13.5","1,038","±668","47.2%","±15.6","1,236","±628","65.4%","±18.1","N","N","N","N","N","N","N","N","N","N","N","N","N","N","N","N","N","N","N","N","N","N","N","N"
"        Bachelor's degree or higher","N","N","N","N","N","N","N","N","N","N","N","N","N","N","N","N","N","N","N","N","N","N","N","N","N","N","N","N","N","N","N","N","N","N","N","N","N","N","N","N","N","N","N","N","N","N","N","N","N","N","N","N","N","N","N","N","N","N","N","N","N","N","N","N","N","N","N","N","N","N","N","N","719","±335","17.6%","±10.9","168","±150","7.6%","±9.2","551","±304","29.2%","±14.1","N","N","N","N","N","N","N","N","N","N","N","N","N","N","N","N","N","N","N","N","N","N","N","N"
"    Asian alone","18,764","±2,970","(X)","(X)","8,459","±1,914","(X)","(X)","10,305","±1,447","(X)","(X)","12,399","±2,067","(X)","(X)","5,441","±1,277","(X)","(X)","6,958","±1,308","(X)","(X)","27,262","±2,708","(X)","(X)","13,640","±1,530","(X)","(X)","13,622","±1,419","(X)","(X)","102,661","±3,913","(X)","(X)","52,341","±2,806","(X)","(X)","50,320","±2,513","(X)","(X)","36,863","±3,247","(X)","(X)","18,683","±2,009","(X)","(X)","18,180","±1,902","(X)","(X)","10,202","±2,028","(X)","(X)","4,083","±872","(X)","(X)","6,119","±1,477","(X)","(X)","59,437","±4,568","(X)","(X)","26,377","±2,508","(X)","(X)","33,060","±2,939","(X)","(X)","21,243","±2,922","(X)","(X)","10,513","±1,575","(X)","(X)","10,730","±1,655","(X)","(X)","24,959","±4,040","(X)","(X)","11,394","±2,089","(X)","(X)","13,565","±2,283","(X)","(X)"
"        High school graduate or higher","16,784","±2,535","89.4%","±3.6","7,568","±1,762","89.5%","±6.4","9,216","±1,327","89.4%","±4.4","11,893","±2,058","95.9%","±2.8","5,044","±1,258","92.7%","±5.9","6,849","±1,282","98.4%","±1.5","26,115","±2,550","95.8%","±2.1","12,912","±1,453","94.7%","±3.8","13,203","±1,389","96.9%","±1.8","97,430","±3,655","94.9%","±1.1","50,731","±2,780","96.9%","±1.3","46,699","±2,391","92.8%","±1.7","33,450","±3,216","90.7%","±3.3","17,018","±2,036","91.1%","±3.8","16,432","±1,836","90.4%","±3.8","9,501","±1,749","93.1%","±7.0","3,684","±796","90.2%","±9.7","5,817","±1,335","95.1%","±5.5","46,867","±4,115","78.9%","±3.0","20,251","±2,392","76.8%","±4.2","26,616","±2,709","80.5%","±3.2","20,266","±2,687","95.4%","±2.9","10,038","±1,340","95.5%","±4.8","10,228","±1,683","95.3%","±3.9","19,687","±3,526","78.9%","±6.0","9,302","±1,929","81.6%","±8.3","10,385","±1,941","76.6%","±5.8"
"        Bachelor's degree or higher","10,743","±1,499","57.3%","±7.4","4,216","±884","49.8%","±11.2","6,527","±1,096","63.3%","±6.3","9,722","±1,834","78.4%","±5.9","3,654","±1,106","67.2%","±11.7","6,068","±1,251","87.2%","±5.6","21,883","±2,412","80.3%","±4.9","11,162","±1,367","81.8%","±5.8","10,721","±1,281","78.7%","±5.7","79,435","±3,838","77.4%","±2.6","42,196","±2,887","80.6%","±3.5","37,239","±2,279","74.0%","±3.1","17,657","±2,040","47.9%","±4.0","9,040","±1,444","48.4%","±5.4","8,617","±1,223","47.4%","±5.2","5,958","±1,222","58.4%","±11.4","2,547","±680","62.4%","±14.0","3,411","±716","55.7%","±13.0","26,980","±2,657","45.4%","±3.3","10,995","±1,508","41.7%","±4.8","15,985","±2,054","48.4%","±4.2","17,579","±2,291","82.8%","±5.5","9,190","±1,267","87.4%","±5.9","8,389","±1,226","78.2%","±6.9","8,615","±1,852","34.5%","±6.1","3,606","±943","31.6%","±6.7","5,009","±1,232","36.9%","±8.5"
"    Native Hawaiian and Other Pacific Islander alone","N","N","(X)","(X)","N","N","(X)","(X)","N","N","(X)","(X)","N","N","(X)","(X)","N","N","(X)","(X)","N","N","(X)","(X)","N","N","(X)","(X)","N","N","(X)","(X)","N","N","(X)","(X)","1,636","±687","(X)","(X)","894","±419","(X)","(X)","742","±418","(X)","(X)","3,105","±1,183","(X)","(X)","1,247","±683","(X)","(X)","1,858","±705","(X)","(X)","N","N","(X)","(X)","N","N","(X)","(X)","N","N","(X)","(X)","N","N","(X)","(X)","N","N","(X)","(X)","N","N","(X)","(X)","N","N","(X)","(X)","N","N","(X)","(X)","N","N","(X)","(X)","N","N","(X)","(X)","N","N","(X)","(X)","N","N","(X)","(X)"
"        High school graduate or higher","N","N","N","N","N","N","N","N","N","N","N","N","N","N","N","N","N","N","N","N","N","N","N","N","N","N","N","N","N","N","N","N","N","N","N","N","1,236","±600","75.6%","±17.7","699","±379","78.2%","±26.3","537","±369","72.4%","±24.3","2,272","±1,030","73.2%","±14.7","972","±609","77.9%","±13.3","1,300","±671","70.0%","±20.4","N","N","N","N","N","N","N","N","N","N","N","N","N","N","N","N","N","N","N","N","N","N","N","N","N","N","N","N","N","N","N","N","N","N","N","N","N","N","N","N","N","N","N","N","N","N","N","N"
"        Bachelor's degree or higher","N","N","N","N","N","N","N","N","N","N","N","N","N","N","N","N","N","N","N","N","N","N","N","N","N","N","N","N","N","N","N","N","N","N","N","N","338","±246","20.7%","±11.3","203","±175","22.7%","±18.6","135","±121","18.2%","±13.2","478","±426","15.4%","±10.6","213","±222","17.1%","±12.3","265","±248","14.3%","±11.7","N","N","N","N","N","N","N","N","N","N","N","N","N","N","N","N","N","N","N","N","N","N","N","N","N","N","N","N","N","N","N","N","N","N","N","N","N","N","N","N","N","N","N","N","N","N","N","N"
"    Some other race alone","2,447","±966","(X)","(X)","1,528","±655","(X)","(X)","919","±532","(X)","(X)","3,961","±1,248","(X)","(X)","1,903","±738","(X)","(X)","2,058","±746","(X)","(X)","1,665","±864","(X)","(X)","933","±556","(X)","(X)","732","±420","(X)","(X)","9,588","±2,542","(X)","(X)","4,971","±1,263","(X)","(X)","4,617","±1,544","(X)","(X)","27,476","±3,604","(X)","(X)","14,759","±2,248","(X)","(X)","12,717","±1,800","(X)","(X)","5,307","±1,997","(X)","(X)","2,680","±1,119","(X)","(X)","2,627","±1,061","(X)","(X)","52,174","±4,977","(X)","(X)","26,653","±3,008","(X)","(X)","25,521","±2,637","(X)","(X)","3,289","±1,365","(X)","(X)","1,230","±756","(X)","(X)","2,059","±1,023","(X)","(X)","9,075","±2,513","(X)","(X)","4,165","±1,371","(X)","(X)","4,910","±1,504","(X)","(X)"
"        High school graduate or higher","1,999","±904","81.7%","±13.6","1,314","±645","86.0%","±14.2","685","±472","74.5%","±20.0","3,331","±1,135","84.1%","±9.3","1,648","±687","86.6%","±11.6","1,683","±671","81.8%","±13.0","1,539","±763","92.4%","±7.2","885","±537","94.9%","±8.4","654","±343","89.3%","±14.7","7,284","±2,204","76.0%","±10.2","3,804","±1,057","76.5%","±11.6","3,480","±1,513","75.4%","±14.3","16,221","±2,703","59.0%","±6.5","8,064","±1,601","54.6%","±7.3","8,157","±1,479","64.1%","±7.5","3,941","±1,481","74.3%","±15.6","2,253","±1,051","84.1%","±18.0","1,688","±702","64.3%","±19.6","27,673","±3,453","53.0%","±4.6","13,831","±2,348","51.9%","±5.9","13,842","±1,991","54.2%","±6.0","2,838","±1,190","86.3%","±13.0","1,230","±756","100.0%","±14.8","1,608","±782","78.1%","±18.4","6,455","±2,081","71.1%","±10.1","2,679","±1,222","64.3%","±14.8","3,776","±1,215","76.9%","±10.0"
"        Bachelor's degree or higher","1,093","±727","44.7%","±19.3","791","±528","51.8%","±19.9","302","±254","32.9%","±24.0","1,927","±746","48.6%","±15.0","816","±475","42.9%","±20.4","1,111","±489","54.0%","±17.4","631","±345","37.9%","±20.7","332","±320","35.6%","±28.5","299","±205","40.8%","±28.0","1,444","±591","15.1%","±7.1","565","±305","11.4%","±6.3","879","±401","19.0%","±10.7","3,828","±1,560","13.9%","±5.2","1,957","±934","13.3%","±5.9","1,871","±810","14.7%","±5.9","1,215","±632","22.9%","±13.0","553","±379","20.6%","±15.3","662","±478","25.2%","±17.8","8,572","±1,622","16.4%","±2.6","4,617","±1,196","17.3%","±3.8","3,955","±1,011","15.5%","±3.6","1,284","±976","39.0%","±24.5","415","±413","33.7%","±30.3","869","±648","42.2%","±29.0","1,655","±989","18.2%","±9.6","509","±467","12.2%","±10.8","1,146","±701","23.3%","±13.0"
"    Two or more races","5,420","±1,338","(X)","(X)","2,770","±889","(X)","(X)","2,650","±787","(X)","(X)","5,802","±1,080","(X)","(X)","2,594","±790","(X)","(X)","3,208","±779","(X)","(X)","3,119","±1,355","(X)","(X)","1,590","±797","(X)","(X)","1,529","±660","(X)","(X)","9,492","±2,266","(X)","(X)","4,752","±1,488","(X)","(X)","4,740","±1,232","(X)","(X)","12,104","±2,470","(X)","(X)","6,042","±1,435","(X)","(X)","6,062","±1,538","(X)","(X)","8,689","±2,217","(X)","(X)","4,686","±1,216","(X)","(X)","4,003","±1,369","(X)","(X)","29,301","±3,067","(X)","(X)","13,524","±1,909","(X)","(X)","15,777","±1,907","(X)","(X)","3,522","±1,206","(X)","(X)","1,563","±650","(X)","(X)","1,959","±791","(X)","(X)","5,772","±1,350","(X)","(X)","2,549","±855","(X)","(X)","3,223","±978","(X)","(X)"
"        High school graduate or higher","5,264","±1,282","97.1%","±3.0","2,614","±849","94.4%","±6.0","2,650","±787","100.0%","±7.2","5,569","±1,046","96.0%","±3.2","2,458","±788","94.8%","±5.3","3,111","±777","97.0%","±3.1","2,898","±1,173","92.9%","±7.2","1,526","±797","96.0%","±6.9","1,372","±529","89.7%","±14.5","8,511","±2,066","89.7%","±6.1","4,353","±1,414","91.6%","±5.6","4,158","±1,113","87.7%","±8.6","8,863","±1,901","73.2%","±7.2","4,403","±1,157","72.9%","±9.2","4,460","±1,236","73.6%","±10.5","8,013","±2,160","92.2%","±8.5","4,354","±1,192","92.9%","±7.2","3,659","±1,327","91.4%","±10.9","26,827","±2,647","91.6%","±2.4","12,397","±1,709","91.7%","±3.6","14,430","±1,733","91.5%","±3.2","3,468","±1,230","98.5%","±3.0","1,509","±658","96.5%","±6.5","1,959","±791","100.0%","±9.6","4,885","±1,341","84.6%","±12.4","2,021","±797","79.3%","±17.6","2,864","±1,015","88.9%","±10.7"
"        Bachelor's degree or higher","3,723","±1,096","68.7%","±13.5","1,635","±604","59.0%","±19.4","2,088","±732","78.8%","±12.4","4,072","±872","70.2%","±10.9","1,588","±615","61.2%","±18.7","2,484","±652","77.4%","±11.2","987","±478","31.6%","±13.8","672","±385","42.3%","±15.3","315","±243","20.6%","±16.8","3,778","±1,147","39.8%","±8.4","1,801","±717","37.9%","±11.1","1,977","±720","41.7%","±11.0","3,111","±1,062","25.7%","±8.1","1,722","±856","28.5%","±12.1","1,389","±564","22.9%","±9.3","3,549","±1,290","40.8%","±13.2","2,203","±1,000","47.0%","±17.6","1,346","±702","33.6%","±17.2","14,655","±1,664","50.0%","±5.0","6,540","±1,002","48.4%","±6.6","8,115","±1,449","51.4%","±7.5","1,353","±729","38.4%","±17.1","659","±481","42.2%","±23.8","694","±436","35.4%","±20.2","1,971","±647","34.1%","±10.9","792","±345","31.1%","±14.0","1,179","±601","36.6%","±17.6"
"    Hispanic or Latino Origin","6,296","±1,474","(X)","(X)","3,524","±969","(X)","(X)","2,772","±835","(X)","(X)","6,701","±1,466","(X)","(X)","3,234","±915","(X)","(X)","3,467","±827","(X)","(X)","4,284","±1,325","(X)","(X)","1,980","±589","(X)","(X)","2,304","±1,016","(X)","(X)","15,661","±2,737","(X)","(X)","8,027","±1,590","(X)","(X)","7,634","±1,747","(X)","(X)","39,413","±3,749","(X)","(X)","20,773","±2,371","(X)","(X)","18,640","±2,087","(X)","(X)","13,355","±2,673","(X)","(X)","7,310","±1,581","(X)","(X)","6,045","±1,605","(X)","(X)","72,286","±4,820","(X)","(X)","37,333","±2,941","(X)","(X)","34,953","±2,782","(X)","(X)","7,013","±1,846","(X)","(X)","3,384","±966","(X)","(X)","3,629","±1,334","(X)","(X)","15,807","±2,781","(X)","(X)","7,433","±1,599","(X)","(X)","8,374","±1,734","(X)","(X)"
"        High school graduate or higher","5,839","±1,474","92.7%","±5.5","3,301","±975","93.7%","±6.0","2,538","±825","91.6%","±7.2","5,716","±1,271","85.3%","±6.2","2,879","±862","89.0%","±7.8","2,837","±759","81.8%","±9.8","3,965","±1,208","92.6%","±4.0","1,868","±582","94.3%","±5.0","2,097","±894","91.0%","±6.3","12,556","±2,519","80.2%","±6.6","6,521","±1,498","81.2%","±7.8","6,035","±1,690","79.1%","±9.1","25,147","±2,904","63.8%","±5.2","12,538","±1,937","60.4%","±6.2","12,609","±1,653","67.6%","±6.1","10,486","±2,276","78.5%","±8.3","6,189","±1,537","84.7%","±8.3","4,297","±1,322","71.1%","±11.2","43,142","±3,988","59.7%","±3.6","21,929","±2,418","58.7%","±4.2","21,213","±2,502","60.7%","±4.9","6,508","±1,692","92.8%","±6.6","3,330","±960","98.4%","±2.9","3,178","±1,136","87.6%","±11.4","11,778","±2,250","74.5%","±7.3","5,330","±1,346","71.7%","±9.2","6,448","±1,311","77.0%","±8.0"
"        Bachelor's degree or higher","3,569","±1,064","56.7%","±11.3","2,179","±855","61.8%","±13.1","1,390","±489","50.1%","±19.0","3,410","±782","50.9%","±9.0","1,604","±613","49.6%","±13.1","1,806","±536","52.1%","±12.9","1,036","±522","24.2%","±12.4","666","±460","33.6%","±19.3","370","±257","16.1%","±13.2","2,943","±897","18.8%","±6.2","1,477","±631","18.4%","±7.8","1,466","±573","19.2%","±8.2","6,763","±1,943","17.2%","±4.7","3,365","±1,293","16.2%","±5.7","3,398","±1,085","18.2%","±5.4","4,228","±1,440","31.7%","±10.7","2,784","±1,160","38.1%","±13.5","1,444","±673","23.9%","±11.2","15,223","±1,942","21.1%","±2.5","8,332","±1,366","22.3%","±3.3","6,891","±1,223","19.7%","±3.2","2,567","±1,146","36.6%","±14.1","1,299","±605","38.4%","±15.5","1,268","±698","34.9%","±17.9","2,752","±1,114","17.4%","±6.6","1,071","±597","14.4%","±8.4","1,681","±788","20.1%","±8.8"
"POVERTY RATE FOR THE POPULATION 25 YEARS AND OVER FOR WHOM POVERTY STATUS IS DETERMINED BY EDUCATIONAL ATTAINMENT LEVEL","","","","","","","","","","","","","","","","","","","","","","","","","","","","","","","","","","","","","","","","","","","","","","","","","","","","","","","","","","","","","","","","","","","","","","","","","","","","","","","","","","","","","","","","","","","","","","","","","","","","","","","","","","","",""
"    Less than high school graduate","(X)","(X)","19.0%","±13.8","(X)","(X)","14.1%","±13.0","(X)","(X)","23.6%","±20.8","(X)","(X)","16.0%","±10.8","(X)","(X)","6.0%","±7.6","(X)","(X)","29.1%","±22.5","(X)","(X)","4.4%","±7.4","(X)","(X)","0.0%","±18.5","(X)","(X)","10.9%","±17.7","(X)","(X)","12.5%","±6.0","(X)","(X)","17.0%","±10.6","(X)","(X)","9.6%","±6.0","(X)","(X)","19.8%","±5.6","(X)","(X)","16.1%","±6.3","(X)","(X)","24.2%","±8.3","(X)","(X)","0.9%","±1.5","(X)","(X)","0.0%","±9.5","(X)","(X)","1.6%","±2.8","(X)","(X)","25.1%","±4.0","(X)","(X)","22.9%","±5.0","(X)","(X)","27.5%","±5.6","(X)","(X)","9.4%","±8.4","(X)","(X)","5.6%","±10.6","(X)","(X)","12.1%","±13.1","(X)","(X)","13.1%","±7.0","(X)","(X)","9.9%","±8.9","(X)","(X)","15.5%","±10.1"
"    High school graduate (includes equivalency)","(X)","(X)","22.7%","±10.5","(X)","(X)","23.4%","±13.0","(X)","(X)","22.0%","±11.4","(X)","(X)","31.3%","±12.7","(X)","(X)","30.9%","±14.7","(X)","(X)","31.8%","±16.8","(X)","(X)","7.6%","±6.7","(X)","(X)","8.6%","±8.3","(X)","(X)","6.7%","±8.7","(X)","(X)","13.3%","±5.4","(X)","(X)","12.3%","±5.6","(X)","(X)","14.5%","±6.8","(X)","(X)","8.2%","±3.4","(X)","(X)","7.1%","±3.7","(X)","(X)","9.2%","±4.4","(X)","(X)","5.3%","±3.3","(X)","(X)","7.2%","±5.1","(X)","(X)","2.9%","±3.5","(X)","(X)","17.3%","±4.0","(X)","(X)","16.5%","±4.4","(X)","(X)","18.0%","±5.5","(X)","(X)","5.3%","±5.7","(X)","(X)","0.9%","±2.0","(X)","(X)","8.7%","±10.2","(X)","(X)","16.8%","±6.6","(X)","(X)","18.9%","±9.6","(X)","(X)","14.6%","±7.8"
"    Some college or associate's degree","(X)","(X)","9.4%","±5.5","(X)","(X)","10.7%","±11.2","(X)","(X)","7.7%","±5.0","(X)","(X)","11.1%","±4.6","(X)","(X)","9.4%","±4.6","(X)","(X)","13.5%","±7.9","(X)","(X)","8.0%","±8.9","(X)","(X)","5.1%","±8.2","(X)","(X)","10.6%","±15.2","(X)","(X)","6.2%","±2.6","(X)","(X)","5.5%","±3.4","(X)","(X)","6.9%","±4.0","(X)","(X)","9.4%","±3.0","(X)","(X)","10.6%","±4.3","(X)","(X)","8.1%","±3.3","(X)","(X)","6.4%","±3.2","(X)","(X)","5.4%","±4.7","(X)","(X)","7.2%","±3.9","(X)","(X)","12.2%","±2.3","(X)","(X)","7.6%","±2.5","(X)","(X)","16.3%","±3.7","(X)","(X)","5.1%","±3.7","(X)","(X)","3.5%","±3.5","(X)","(X)","6.2%","±5.5","(X)","(X)","7.8%","±4.4","(X)","(X)","10.2%","±7.1","(X)","(X)","5.0%","±3.9"
"    Bachelor's degree or higher","(X)","(X)","3.1%","±1.4","(X)","(X)","2.6%","±1.8","(X)","(X)","3.5%","±2.2","(X)","(X)","8.5%","±2.0","(X)","(X)","7.2%","±2.5","(X)","(X)","9.6%","±3.4","(X)","(X)","2.8%","±1.7","(X)","(X)","3.3%","±2.8","(X)","(X)","2.3%","±1.7","(X)","(X)","2.6%","±1.1","(X)","(X)","2.1%","±1.4","(X)","(X)","3.2%","±1.2","(X)","(X)","2.4%","±1.2","(X)","(X)","3.2%","±2.2","(X)","(X)","1.6%","±1.5","(X)","(X)","2.7%","±1.5","(X)","(X)","2.9%","±2.6","(X)","(X)","2.5%","±2.4","(X)","(X)","5.5%","±1.0","(X)","(X)","4.6%","±1.3","(X)","(X)","6.3%","±1.3","(X)","(X)","3.3%","±2.1","(X)","(X)","1.2%","±1.1","(X)","(X)","5.5%","±3.7","(X)","(X)","1.9%","±1.4","(X)","(X)","1.5%","±1.4","(X)","(X)","2.2%","±2.4"
"MEDIAN EARNINGS IN THE PAST 12 MONTHS (IN 2021 INFLATION-ADJUSTED DOLLARS)","","","","","","","","","","","","","","","","","","","","","","","","","","","","","","","","","","","","","","","","","","","","","","","","","","","","","","","","","","","","","","","","","","","","","","","","","","","","","","","","","","","","","","","","","","","","","","","","","","","","","","","","","","","",""
"    Population 25 years and over with earnings","75,359","±5,317","(X)","(X)","81,688","±12,811","(X)","(X)","73,141","±5,311","(X)","(X)","69,567","±8,986","(X)","(X)","75,889","±6,058","(X)","(X)","61,339","±4,814","(X)","(X)","121,634","±8,674","(X)","(X)","153,981","±12,279","(X)","(X)","94,343","±3,996","(X)","(X)","93,271","±5,297","(X)","(X)","104,626","±14,317","(X)","(X)","75,407","±5,842","(X)","(X)","48,076","±4,234","(X)","(X)","52,211","±5,613","(X)","(X)","40,773","±1,524","(X)","(X)","79,133","±7,116","(X)","(X)","97,671","±6,037","(X)","(X)","59,946","±13,629","(X)","(X)","55,371","±3,367","(X)","(X)","60,416","±3,610","(X)","(X)","51,495","±2,660","(X)","(X)","81,107","±18,932","(X)","(X)","135,990","±26,479","(X)","(X)","51,881","±17,100","(X)","(X)","49,926","±4,612","(X)","(X)","51,279","±2,424","(X)","(X)","45,577","±7,295","(X)","(X)"
"        Less than high school graduate","32,719","±24,754","(X)","(X)","66,703","±39,620","(X)","(X)","16,353","±1,182","(X)","(X)","34,545","±25,797","(X)","(X)","34,517","±23,506","(X)","(X)","35,018","±37,917","(X)","(X)","-","**","(X)","(X)","-","**","(X)","(X)","-","**","(X)","(X)","29,443","±5,828","(X)","(X)","37,242","±21,799","(X)","(X)","28,831","±4,809","(X)","(X)","32,297","±4,267","(X)","(X)","35,833","±5,521","(X)","(X)","27,035","±4,151","(X)","(X)","25,575","±19,659","(X)","(X)","45,637","±49,482","(X)","(X)","17,128","±8,843","(X)","(X)","26,983","±3,276","(X)","(X)","33,189","±5,139","(X)","(X)","22,418","±3,282","(X)","(X)","30,694","±29,084","(X)","(X)","38,673","±1,376","(X)","(X)","15,687","±15,057","(X)","(X)","31,196","±9,062","(X)","(X)","36,064","±11,467","(X)","(X)","22,226","±1,984","(X)","(X)"
"        High school graduate (includes equivalency)","39,179","±9,993","(X)","(X)","55,986","±14,074","(X)","(X)","31,461","±11,762","(X)","(X)","31,571","±11,341","(X)","(X)","32,161","±21,377","(X)","(X)","30,643","±11,567","(X)","(X)","53,696","±23,270","(X)","(X)","73,769","±10,000","(X)","(X)","20,846","±28,538","(X)","(X)","41,504","±5,642","(X)","(X)","53,408","±6,857","(X)","(X)","31,038","±2,666","(X)","(X)","39,948","±2,866","(X)","(X)","42,682","±6,421","(X)","(X)","35,563","±3,285","(X)","(X)","38,772","±16,761","(X)","(X)","38,042","±21,746","(X)","(X)","42,917","±33,070","(X)","(X)","35,287","±4,826","(X)","(X)","37,094","±4,060","(X)","(X)","31,590","±3,009","(X)","(X)","43,476","±7,672","(X)","(X)","51,493","±25,673","(X)","(X)","36,195","±2,893","(X)","(X)","34,381","±7,279","(X)","(X)","45,414","±15,057","(X)","(X)","26,560","±11,203","(X)","(X)"
"        Some college or associate's degree","41,096","±10,870","(X)","(X)","36,196","±15,069","(X)","(X)","50,065","±29,392","(X)","(X)","53,991","±9,772","(X)","(X)","60,813","±10,141","(X)","(X)","42,878","±18,225","(X)","(X)","81,317","±6,881","(X)","(X)","102,614","±40,081","(X)","(X)","63,848","±28,932","(X)","(X)","58,619","±9,401","(X)","(X)","58,797","±12,624","(X)","(X)","56,962","±15,812","(X)","(X)","42,894","±6,611","(X)","(X)","49,330","±5,594","(X)","(X)","35,361","±3,401","(X)","(X)","58,286","±15,751","(X)","(X)","89,920","±26,811","(X)","(X)","50,938","±5,922","(X)","(X)","45,508","±4,424","(X)","(X)","50,660","±3,219","(X)","(X)","35,504","±5,980","(X)","(X)","56,263","±17,731","(X)","(X)","68,964","±25,600","(X)","(X)","46,151","±17,465","(X)","(X)","49,830","±7,838","(X)","(X)","46,428","±9,791","(X)","(X)","50,634","±10,971","(X)","(X)"
"        Bachelor's degree","77,702","±10,006","(X)","(X)","84,755","±23,996","(X)","(X)","76,246","±9,005","(X)","(X)","63,254","±11,011","(X)","(X)","76,192","±12,534","(X)","(X)","51,257","±13,424","(X)","(X)","128,283","±13,550","(X)","(X)","156,615","±11,458","(X)","(X)","94,789","±11,898","(X)","(X)","102,749","±4,457","(X)","(X)","125,827","±8,021","(X)","(X)","77,213","±7,769","(X)","(X)","71,733","±4,437","(X)","(X)","77,106","±12,427","(X)","(X)","61,068","±6,489","(X)","(X)","91,041","±14,250","(X)","(X)","104,128","±11,775","(X)","(X)","75,823","±8,058","(X)","(X)","74,887","±6,263","(X)","(X)","87,896","±13,373","(X)","(X)","64,018","±9,682","(X)","(X)","79,498","±17,263","(X)","(X)","146,643","±39,072","(X)","(X)","60,906","±14,265","(X)","(X)","67,908","±12,549","(X)","(X)","74,302","±16,376","(X)","(X)","56,610","±21,854","(X)","(X)"
"        Graduate or professional degree","103,449","±8,293","(X)","(X)","126,420","±58,945","(X)","(X)","94,195","±11,593","(X)","(X)","88,710","±20,944","(X)","(X)","128,003","±30,796","(X)","(X)","81,638","±6,330","(X)","(X)","151,155","±17,428","(X)","(X)","185,477","±17,658","(X)","(X)","110,436","±21,367","(X)","(X)","132,842","±14,134","(X)","(X)","155,004","±3,573","(X)","(X)","109,764","±8,961","(X)","(X)","99,409","±14,367","(X)","(X)","113,163","±25,863","(X)","(X)","84,991","±12,226","(X)","(X)","123,210","±13,909","(X)","(X)","151,907","±10,527","(X)","(X)","96,988","±19,674","(X)","(X)","100,755","±3,698","(X)","(X)","104,089","±7,254","(X)","(X)","94,121","±9,948","(X)","(X)","155,452","±15,344","(X)","(X)","185,448","±7,595","(X)","(X)","100,755","±36,256","(X)","(X)","92,969","±40,422","(X)","(X)","100,493","±40,647","(X)","(X)","82,907","±45,989","(X)","(X)"